time_take_s,time_episode_s,tool_tracked,tool_world_x_m,tool_world_y_m,tool_world_z_m,tool_world_qx,tool_world_qy,tool_world_qz,tool_world_qw,tcp_robot_x_m,tcp_robot_y_m,tcp_robot_z_m,tcp_robot_qx,tcp_robot_qy,tcp_robot_qz,tcp_robot_qw,tcp_robot_rot6d_r00,tcp_robot_rot6d_r01,tcp_robot_rot6d_r02,tcp_robot_rot6d_r10,tcp_robot_rot6d_r11,tcp_robot_rot6d_r12,tcp_speed_m_s,box_world_x_m,box_world_y_m,box_world_z_m,tool_in_box_x_m,tool_in_box_y_m,tool_in_box_z_m,tool_in_box_qx,tool_in_box_qy,tool_in_box_qz,tool_in_box_qw,flap_left_deg,flap_right_deg,gripper,ik_reachable,ik_pos_err_mm,q1_deg,q2_deg,q3_deg,q4_deg,q5_deg,q6_deg
5.983333,0.000000,1,-0.834196,1.554519,0.502464,0.027659,-0.149296,0.199111,-0.968143,0.261400,-0.073234,0.211451,-0.142808,0.039127,0.777859,0.610746,-0.213191,-0.961323,-0.174377,0.938973,-0.250918,0.235309,0.000000,-0.830171,1.359484,0.101449,0.102256,-0.184126,0.393076,-0.150387,-0.099770,0.979438,-0.090171,0.090266,0.155522,0.000000,1,0.080351,13.590959,-13.882808,75.616710,-4.685955,85.321501,0.000000
6.016666,0.033333,1,-0.833805,1.553564,0.499192,0.023637,-0.149283,0.198287,-0.968420,0.261922,-0.072320,0.208186,-0.141004,0.042718,0.778489,0.610122,-0.215738,-0.961993,-0.167414,0.937899,-0.251853,0.238570,0.102917,-0.830171,1.359484,0.101449,0.101482,-0.183350,0.389825,-0.151580,-0.095912,0.979567,-0.090952,0.098827,0.148482,0.000000,1,0.046003,13.399435,-13.238102,75.606734,-4.643329,85.008855,0.000000
6.050000,0.066667,1,-0.833450,1.552622,0.495889,0.019883,-0.149550,0.197420,-0.968641,0.262456,-0.071442,0.204889,-0.139570,0.046193,0.779086,0.609435,-0.218217,-0.962499,-0.161171,0.936711,-0.252909,0.242095,0.103588,-0.830171,1.359484,0.101449,0.100746,-0.182563,0.386545,-0.152963,-0.092391,0.979616,-0.091757,0.107269,0.135701,0.000000,1,0.044612,13.214123,-12.577428,75.582517,-4.601678,84.677153,0.000000
6.083333,0.100000,1,-0.833120,1.551655,0.492561,0.016022,-0.149847,0.196374,-0.968879,0.263024,-0.070570,0.201567,-0.138116,0.049778,0.779780,0.608597,-0.221068,-0.962893,-0.154811,0.935392,-0.254264,0.245746,0.104435,-0.830171,1.359484,0.101449,0.100019,-0.181739,0.383242,-0.154411,-0.088772,0.979631,-0.092734,0.137242,0.119765,0.000000,1,0.043333,13.029594,-11.906678,75.546396,-4.558606,84.330819,0.000000
6.116666,0.133333,1,-0.832936,1.550671,0.489265,0.012324,-0.149521,0.195657,-0.969128,0.263694,-0.069803,0.198276,-0.136176,0.052939,0.780334,0.608056,-0.223448,-0.963392,-0.148146,0.934556,-0.254931,0.248225,0.103362,-0.830171,1.359484,0.101449,0.099400,-0.180822,0.379979,-0.155206,-0.085134,0.979763,-0.093421,0.108105,0.130536,0.000000,1,0.043025,12.860030,-11.227513,75.482844,-4.520870,83.963149,0.000000
6.150000,0.166667,1,-0.832894,1.549647,0.486023,0.008391,-0.148701,0.195318,-0.969365,0.264481,-0.069126,0.195038,-0.133688,0.056091,0.780708,0.607845,-0.225304,-0.964097,-0.140554,0.934102,-0.254756,0.250105,0.101992,-0.830171,1.359484,0.101449,0.098876,-0.179796,0.376780,-0.155590,-0.081135,0.980010,-0.093750,0.090326,0.086709,0.000000,1,0.042833,12.702656,-10.544422,75.390387,-4.487239,83.575800,0.000000
6.183333,0.200000,1,-0.832934,1.548602,0.482771,0.003904,-0.147889,0.194928,-0.969596,0.265335,-0.068502,0.191790,-0.130960,0.059743,0.781102,0.607586,-0.227379,-0.964820,-0.131988,0.933525,-0.254541,0.252469,0.102490,-0.830171,1.359484,0.101449,0.098408,-0.178706,0.373577,-0.156145,-0.076607,0.980251,-0.094113,0.128337,0.081235,0.000000,1,0.041809,12.553129,-9.851594,75.279359,-4.455386,83.171054,0.000000
6.216666,0.233333,1,-0.833007,1.547556,0.479456,-0.000409,-0.146894,0.194343,-0.969873,0.266209,-0.067904,0.188479,-0.128146,0.063156,0.781623,0.607170,-0.229845,-0.965343,-0.123631,0.932970,-0.254711,0.254341,0.104281,-0.830171,1.359484,0.101449,0.097969,-0.177593,0.370313,-0.156478,-0.072189,0.980478,-0.094686,0.133656,0.081135,0.000000,1,0.040208,12.408824,-9.144468,75.158500,-4.423869,82.751202,0.000000
6.250000,0.266667,1,-0.833026,1.546509,0.476026,-0.004863,-0.146032,0.194057,-0.970048,0.267051,-0.067261,0.185053,-0.125387,0.066756,0.781920,0.606979,-0.231709,-0.965958,-0.115047,0.932477,-0.254241,0.256610,0.107599,-0.830171,1.359484,0.101449,0.097487,-0.176502,0.366930,-0.156971,-0.067679,0.980697,-0.094936,0.096253,0.091254,0.000000,1,0.037949,12.259584,-8.419096,75.038584,-4.388027,82.319951,0.000000
6.283333,0.300000,1,-0.832989,1.545472,0.472485,-0.009393,-0.145820,0.193628,-0.970132,0.267851,-0.066578,0.181516,-0.123178,0.070714,0.782201,0.606620,-0.233678,-0.966419,-0.106908,0.931577,-0.254023,0.260069,0.110683,-0.830171,1.359484,0.101449,0.096967,-0.175443,0.363435,-0.158109,-0.063282,0.980775,-0.095278,0.079777,0.087753,0.000000,1,0.035787,12.106516,-7.676784,74.920056,-4.348495,81.878633,0.000000
6.316666,0.333333,1,-0.832952,1.544437,0.468954,-0.013640,-0.145780,0.193041,-0.970205,0.268651,-0.065896,0.177989,-0.121249,0.074495,0.782542,0.606116,-0.235845,-0.966688,-0.099459,0.930558,-0.254148,0.263573,0.110404,-0.830171,1.359484,0.101449,0.096448,-0.174386,0.359948,-0.159333,-0.059200,0.980784,-0.095769,0.103527,0.085987,0.000000,1,0.034696,11.954803,-6.935623,74.794614,-4.307978,81.432639,0.000000
6.350000,0.366667,1,-0.832930,1.543379,0.465564,-0.017464,-0.145374,0.192601,-0.970292,0.269476,-0.065214,0.174603,-0.119181,0.077735,0.782828,0.605750,-0.237725,-0.966926,-0.092420,0.929868,-0.254047,0.266094,0.106544,-0.830171,1.359484,0.101449,0.095925,-0.173312,0.356603,-0.160079,-0.055420,0.980847,-0.096142,0.113832,0.086091,0.000000,1,0.034512,11.803094,-6.219142,74.659158,-4.266198,80.992482,0.000000
6.383333,0.400000,1,-0.832938,1.542350,0.462244,-0.021107,-0.144384,0.192454,-0.970396,0.270298,-0.064574,0.171287,-0.116670,0.080552,0.782997,0.605653,-0.239145,-0.967245,-0.085130,0.929653,-0.253392,0.267467,0.104269,-0.830171,1.359484,0.101449,0.095442,-0.172249,0.353330,-0.160207,-0.051649,0.981020,-0.096260,0.123881,0.089020,0.000000,1,0.033883,11.659977,-5.515815,74.517503,-4.226666,80.554538,0.000000
6.416666,0.433333,1,-0.832918,1.541286,0.458923,-0.024607,-0.143260,0.192345,-0.970502,0.271131,-0.063890,0.167971,-0.114102,0.083183,0.783149,0.605589,-0.240485,-0.967516,-0.077968,0.929551,-0.252685,0.268487,0.104615,-0.830171,1.359484,0.101449,0.094915,-0.171172,0.350055,-0.160164,-0.047976,0.981205,-0.096349,0.136486,0.086927,0.000000,1,0.032631,11.510004,-4.812456,74.369860,-4.182872,80.112403,0.000000
6.450000,0.466667,1,-0.832794,1.540184,0.455562,-0.028222,-0.142609,0.192022,-0.970564,0.271931,-0.063100,0.164615,-0.111908,0.086126,0.783359,0.605316,-0.242138,-0.967636,-0.071061,0.929083,-0.252349,0.270414,0.106188,-0.830171,1.359484,0.101449,0.094283,-0.170120,0.346735,-0.160611,-0.044326,0.981277,-0.096614,0.111123,0.081569,0.000000,1,0.030899,11.344246,-4.106017,74.224883,-4.130943,79.669189,0.000000
6.483333,0.500000,1,-0.832561,1.539152,0.452170,-0.032280,-0.142690,0.191433,-0.970542,0.272609,-0.062265,0.161229,-0.110171,0.089792,0.783616,0.604769,-0.244232,-0.967599,-0.064057,0.928029,-0.252383,0.273981,0.106587,-0.830171,1.359484,0.101449,0.093600,-0.169185,0.343377,-0.161892,-0.040459,0.981188,-0.097080,0.099707,0.086884,0.000000,1,0.029123,11.176005,-3.403945,74.094474,-4.076312,79.235091,0.000000
6.516666,0.533333,1,-0.832249,1.538183,0.448884,-0.035982,-0.142729,0.190759,-0.970538,0.273190,-0.061405,0.157948,-0.108556,0.093121,0.783926,0.604155,-0.246423,-0.967444,-0.057681,0.927009,-0.252649,0.277170,0.103211,-0.830171,1.359484,0.101449,0.092884,-0.168352,0.340116,-0.163032,-0.036918,0.981083,-0.097641,0.074856,0.085274,0.000000,1,0.028299,11.007508,-2.730043,73.976061,-4.020285,78.820650,0.000000
6.550000,0.566667,1,-0.831995,1.537254,0.445715,-0.039465,-0.142715,0.190276,-0.970500,0.273774,-0.060617,0.154785,-0.106991,0.096231,0.784119,0.603697,-0.248206,-0.967332,-0.051600,0.926149,-0.252580,0.280093,0.099356,-0.830171,1.359484,0.101449,0.092235,-0.167527,0.336975,-0.164051,-0.033575,0.980996,-0.098017,0.093278,0.081754,0.000000,1,0.028146,10.851701,-2.076898,73.851101,-3.968808,78.412958,0.000000
6.583333,0.600000,1,-0.831796,1.536365,0.442601,-0.042812,-0.142188,0.189947,-0.970500,0.274359,-0.059898,0.151675,-0.105027,0.098990,0.784276,0.603392,-0.249774,-0.967245,-0.045281,0.925658,-0.252238,0.282016,0.097350,-0.830171,1.359484,0.101449,0.091654,-0.166709,0.333889,-0.164536,-0.030215,0.980998,-0.098272,0.096158,0.085123,0.000000,1,0.027572,10.708350,-1.432511,73.719240,-3.921714,78.006145,0.000000
6.616666,0.633333,1,-0.831552,1.535551,0.439463,-0.047072,-0.141718,0.189655,-0.970428,0.274858,-0.059186,0.148543,-0.102707,0.102592,0.784355,0.603087,-0.251475,-0.967142,-0.037373,0.924994,-0.251523,0.284819,0.097517,-0.830171,1.359484,0.101449,0.091077,-0.165976,0.330775,-0.165341,-0.025998,0.980966,-0.098450,0.085608,0.081572,0.000000,1,0.026181,10.569844,-0.789549,73.595367,-3.875451,77.604466,0.000000
6.650000,0.666667,1,-0.831200,1.534802,0.436218,-0.052527,-0.141686,0.189061,-0.970269,0.275239,-0.058427,0.145303,-0.100247,0.107459,0.784495,0.602470,-0.253961,-0.966815,-0.027805,0.923725,-0.250965,0.289393,0.100477,-0.830171,1.359484,0.101449,0.090450,-0.165349,0.327545,-0.166922,-0.020760,0.980782,-0.098853,0.123093,0.082591,0.000000,1,0.024047,10.427684,-0.133718,73.483677,-3.826470,77.203453,0.000000
6.683333,0.700000,1,-0.830736,1.534035,0.432913,-0.056866,-0.141780,0.188006,-0.970216,0.275567,-0.057568,0.142005,-0.098398,0.111382,0.784933,0.601491,-0.257052,-0.966181,-0.020482,0.922341,-0.251605,0.293226,0.102716,-0.830171,1.359484,0.101449,0.089723,-0.164768,0.324251,-0.168310,-0.016617,0.980534,-0.099748,0.120922,0.088542,0.000000,1,0.022265,10.270437,0.529704,73.376128,-3.770508,76.801573,0.000000
6.716666,0.733333,1,-0.830182,1.533236,0.429639,-0.060424,-0.142426,0.186973,-0.970105,0.275867,-0.056618,0.138738,-0.097393,0.114851,0.785309,0.600511,-0.259802,-0.965545,-0.015028,0.920802,-0.252391,0.297359,0.102483,-0.830171,1.359484,0.101449,0.088902,-0.164212,0.320982,-0.169994,-0.013382,0.980204,-0.100609,0.118527,0.082899,0.000000,1,0.021080,10.098575,1.185144,73.270553,-3.708035,76.405169,0.000000
6.750000,0.766667,1,-0.829499,1.532419,0.426501,-0.063926,-0.143835,0.185902,-0.969879,0.276103,-0.055555,0.135609,-0.097095,0.118612,0.785600,0.599447,-0.262471,-0.964884,-0.010353,0.918818,-0.253189,0.302769,0.099388,-0.830171,1.359484,0.101449,0.087961,-0.163722,0.317843,-0.172389,-0.010419,0.979735,-0.101453,0.140486,0.092653,0.000000,1,0.020339,9.909392,1.808189,73.176732,-3.637967,76.030693,0.000000
6.783333,0.800000,1,-0.828689,1.531600,0.423495,-0.067450,-0.145400,0.184611,-0.969654,0.276265,-0.054390,0.132612,-0.096928,0.122462,0.785990,0.598187,-0.265554,-0.964078,-0.005859,0.916598,-0.254350,0.308469,0.096573,-0.830171,1.359484,0.101449,0.086910,-0.163309,0.314828,-0.174946,-0.007476,0.979199,-0.102503,0.144005,0.084385,0.000000,1,0.019720,9.704789,2.399586,73.096545,-3.561179,75.678776,0.000000
6.816666,0.833333,1,-0.827784,1.530804,0.420598,-0.070626,-0.146264,0.183218,-0.969562,0.276352,-0.053164,0.129725,-0.096289,0.125686,0.786542,0.596894,-0.268891,-0.963170,-0.001428,0.914761,-0.255840,0.312664,0.094149,-0.830171,1.359484,0.101449,0.085791,-0.162975,0.311916,-0.176737,-0.004662,0.978767,-0.103716,0.145124,0.086602,0.000000,1,0.019201,9.491575,2.964786,73.028509,-3.480549,75.346202,0.000000
6.850000,0.866667,1,-0.826765,1.530030,0.417776,-0.073782,-0.146520,0.181702,-0.969573,0.276352,-0.051861,0.126913,-0.095116,0.128621,0.787240,0.595536,-0.272580,-0.962127,0.003439,0.913191,-0.257587,0.315801,0.092959,-0.830171,1.359484,0.101449,0.084588,-0.162728,0.309071,-0.177947,-0.001689,0.978411,-0.105092,0.150563,0.085203,0.000000,1,0.018465,9.267209,3.509651,72.974077,-3.395097,75.031023,0.000000
6.883333,0.900000,1,-0.825596,1.529251,0.414919,-0.077178,-0.146745,0.179810,-0.969628,0.276266,-0.050435,0.124069,-0.093807,0.131756,0.788145,0.593859,-0.277063,-0.960813,0.008622,0.911375,-0.259944,0.319101,0.095498,-0.830171,1.359484,0.101449,0.083258,-0.162558,0.306184,-0.179207,0.001530,0.977992,-0.106836,0.169275,0.075775,0.000000,1,0.016710,9.023479,4.056107,72.930542,-3.301585,74.721831,0.000000
6.916666,0.933333,1,-0.824305,1.528418,0.412018,-0.080669,-0.147220,0.177575,-0.969683,0.276150,-0.048879,0.121180,-0.092682,0.135086,0.789205,0.591876,-0.282185,-0.959263,0.013618,0.909183,-0.262868,0.322934,0.098491,-0.830171,1.359484,0.101449,0.081799,-0.162409,0.303246,-0.180744,0.004773,0.977471,-0.108900,0.159746,0.095266,0.000000,1,0.015050,8.757425,4.610659,72.887773,-3.199115,74.410483,0.000000
6.950000,0.966667,1,-0.822975,1.527498,0.409169,-0.082863,-0.147387,0.175523,-0.969847,0.276079,-0.047240,0.118345,-0.091859,0.137118,0.790274,0.590107,-0.286670,-0.957885,0.016641,0.907503,-0.265944,0.325135,0.098272,-0.830171,1.359484,0.101449,0.080257,-0.162214,0.300363,-0.181603,0.006861,0.977079,-0.110857,0.155698,0.093120,0.000000,1,0.014515,8.474696,5.158951,72.835833,-3.090275,74.098392,0.000000
6.983333,1.000000,1,-0.821608,1.526527,0.406358,-0.083414,-0.147297,0.173922,-0.970101,0.276028,-0.045540,0.115548,-0.091538,0.137565,0.791218,0.588787,-0.289901,-0.956903,0.017141,0.906534,-0.268811,0.325481,0.098197,-0.830171,1.359484,0.101449,0.078655,-0.161999,0.297516,-0.181726,0.007441,0.976870,-0.112451,0.091251,0.098217,0.000000,1,0.013887,8.180222,5.702452,72.777820,-2.976981,73.786581,0.000000
7.016666,1.033333,1,-0.820138,1.525614,0.403404,-0.085187,-0.147160,0.171951,-0.970320,0.275868,-0.043793,0.112608,-0.090630,0.139086,0.792299,0.587115,-0.294164,-0.955552,0.019707,0.905131,-0.271902,0.326815,0.102707,-0.830171,1.359484,0.101449,0.077005,-0.161881,0.294519,-0.182171,0.009213,0.976550,-0.114363,0.138484,0.088213,0.000000,1,0.012020,7.879405,6.270621,72.725843,-2.861044,73.468337,0.000000
7.050000,1.066667,1,-0.818507,1.524725,0.400235,-0.089202,-0.148289,0.168881,-0.970326,0.275591,-0.041929,0.109455,-0.089859,0.143175,0.793691,0.584364,-0.300889,-0.953340,0.024692,0.901878,-0.276040,0.332293,0.110195,-0.830171,1.359484,0.101449,0.075239,-0.161858,0.291298,-0.184506,0.012785,0.975737,-0.117183,0.191613,0.082328,0.000000,1,0.010989,7.560051,6.877801,72.678339,-2.737623,73.136567,0.000000
7.083333,1.100000,1,-0.816678,1.523821,0.396977,-0.093567,-0.151510,0.165262,-0.970040,0.275208,-0.039897,0.106215,-0.090806,0.148510,0.795073,0.580998,-0.308392,-0.950842,0.028173,0.896899,-0.280773,0.341669,0.115308,-0.830171,1.359484,0.101449,0.073304,-0.161929,0.287978,-0.188951,0.016098,0.974447,-0.120378,0.292389,0.082903,0.000000,1,0.011649,7.212459,7.499250,72.639296,-2.602953,72.804367,0.000000
7.116666,1.133333,1,-0.814733,1.522905,0.393789,-0.097315,-0.155263,0.161620,-0.969692,0.274763,-0.037767,0.103045,-0.092506,0.153530,0.796408,0.577586,-0.315674,-0.948393,0.030008,0.891583,-0.285646,0.351405,0.115360,-0.830171,1.359484,0.101449,0.071265,-0.162059,0.284721,-0.193723,0.018667,0.973063,-0.123576,0.356845,0.087118,0.000000,1,0.011951,6.846643,8.106182,72.606667,-2.461235,72.483472,0.000000
7.150000,1.166667,1,-0.812813,1.521961,0.390752,-0.101348,-0.158508,0.158066,-0.969339,0.274357,-0.035640,0.100026,-0.093624,0.158579,0.797700,0.574249,-0.322946,-0.945850,0.032761,0.886463,-0.290182,0.360524,0.111471,-0.830171,1.359484,0.101449,0.069226,-0.162161,0.281616,-0.198091,0.021656,0.971720,-0.126696,0.214296,0.090314,0.000000,1,0.011457,6.478470,8.687973,72.567165,-2.319050,72.171721,0.000000
7.183333,1.200000,1,-0.811051,1.521016,0.387860,-0.105758,-0.160439,0.154559,-0.969116,0.274047,-0.033640,0.097151,-0.093396,0.163380,0.799085,0.571006,-0.330459,-0.943082,0.037319,0.882046,-0.294518,0.367769,0.105473,-0.830171,1.359484,0.101449,0.067314,-0.162183,0.278666,-0.201315,0.025387,0.970552,-0.129835,0.132824,0.099867,0.000000,1,0.010376,6.128960,9.248949,72.509956,-2.184873,71.861718,0.000000
7.216666,1.233333,1,-0.809451,1.520108,0.385123,-0.109630,-0.161473,0.151263,-0.969034,0.273805,-0.031792,0.094430,-0.092605,0.167299,0.800498,0.568013,-0.337570,-0.940372,0.041795,0.878401,-0.298744,0.373046,0.098924,-0.830171,1.359484,0.101449,0.065552,-0.162156,0.275879,-0.203522,0.028857,0.969586,-0.132849,0.105949,0.093158,0.000000,1,0.009378,5.803857,9.784824,72.440892,-2.060857,71.558340,0.000000
7.250000,1.266667,1,-0.807989,1.519244,0.382534,-0.113030,-0.162675,0.148218,-0.968913,0.273611,-0.030084,0.091855,-0.092174,0.170870,0.801763,0.565229,-0.344040,-0.937859,0.045357,0.874860,-0.302639,0.378193,0.092902,-0.830171,1.359484,0.101449,0.063926,-0.162097,0.273244,-0.205744,0.031822,0.968641,-0.135618,0.109025,0.093237,0.000000,1,0.008813,5.501528,10.295685,72.364121,-1.946225,71.263611,0.000000
7.283333,1.300000,1,-0.806606,1.518446,0.379962,-0.116755,-0.164005,0.145214,-0.968702,0.273412,-0.028478,0.089296,-0.091713,0.174790,0.802930,0.562442,-0.350496,-0.935264,0.049341,0.871142,-0.306215,0.383854,0.090811,-0.830171,1.359484,0.101449,0.062402,-0.162048,0.270629,-0.208180,0.035063,0.967627,-0.138311,0.111727,0.093260,0.000000,1,0.008073,5.216865,10.805063,72.282025,-1.838784,70.968624,0.000000
7.316666,1.333333,1,-0.805290,1.517754,0.377331,-0.120945,-0.165843,0.141914,-0.968364,0.273168,-0.026989,0.086678,-0.091500,0.179353,0.804119,0.559333,-0.357549,-0.932362,0.053482,0.866719,-0.309958,0.390799,0.090663,-0.830171,1.359484,0.101449,0.060993,-0.162047,0.267955,-0.211243,0.038609,0.966406,-0.141226,0.104263,0.089845,0.000000,1,0.007026,4.953088,11.327262,72.196395,-1.739710,70.668289,0.000000
7.350000,1.366667,1,-0.804005,1.517186,0.374701,-0.124854,-0.169745,0.138378,-0.967703,0.272845,-0.025599,0.084060,-0.093261,0.184585,0.805129,0.555877,-0.364607,-0.929533,0.055038,0.860675,-0.313859,0.400913,0.089459,-0.830171,1.359484,0.101449,0.059681,-0.162131,0.265279,-0.216194,0.041294,0.964756,-0.144225,0.119421,0.102264,0.000000,1,0.006126,4.707588,11.848222,72.116262,-1.647876,70.373284,0.000000
7.383333,1.400000,1,-0.802788,1.516682,0.372087,-0.128953,-0.175174,0.134630,-0.966727,0.272511,-0.024303,0.081457,-0.096306,0.190669,0.805954,0.552094,-0.371834,-0.926651,0.055299,0.853200,-0.317674,0.413681,0.087790,-0.830171,1.359484,0.101449,0.058460,-0.162231,0.262621,-0.222659,0.043727,0.962713,-0.147289,0.142493,0.102960,0.000000,1,0.005377,4.478225,12.367620,72.032296,-1.562500,70.078890,0.000000
7.416666,1.433333,1,-0.801761,1.516222,0.369405,-0.134263,-0.179607,0.130792,-0.965716,0.272256,-0.023183,0.078784,-0.097919,0.197393,0.806792,0.548211,-0.379754,-0.923241,0.058425,0.845926,-0.321002,0.425871,0.087275,-0.830171,1.359484,0.101449,0.057422,-0.162256,0.259904,-0.228530,0.047611,0.960666,-0.150428,0.132168,0.096528,0.000000,1,0.004689,4.278797,12.907772,71.924071,-1.489144,69.765287,0.000000
7.450000,1.466667,1,-0.800979,1.515857,0.366709,-0.139221,-0.182721,0.127390,-0.964885,0.272073,-0.022316,0.076096,-0.098508,0.203213,0.807590,0.544793,-0.386994,-0.919974,0.062310,0.839902,-0.323811,0.435559,0.084907,-0.830171,1.359484,0.101449,0.056641,-0.162223,0.257183,-0.233029,0.051531,0.958936,-0.153246,0.126457,0.090384,0.000000,1,0.004208,4.123747,13.456623,71.795554,-1.433426,69.439772,0.000000
7.483333,1.500000,1,-0.800373,1.515529,0.364136,-0.143850,-0.185950,0.124480,-0.963968,0.271966,-0.021614,0.073529,-0.099344,0.208792,0.808092,0.541779,-0.393213,-0.917098,0.065680,0.834129,-0.325763,0.445092,0.079925,-0.830171,1.359484,0.101449,0.056023,-0.162129,0.254594,-0.237527,0.055095,0.957258,-0.155573,0.122641,0.094908,0.000000,1,0.003640,3.997228,13.985002,71.656598,-1.388954,69.119496,0.000000
7.516666,1.533333,1,-0.799878,1.515166,0.361674,-0.148995,-0.189584,0.121949,-0.962802,0.271953,-0.020979,0.071072,-0.100312,0.215016,0.808204,0.538992,-0.398850,-0.914368,0.069639,0.828094,-0.326512,0.455687,0.076109,-0.830171,1.359484,0.101449,0.055474,-0.161952,0.252123,-0.242547,0.059031,0.955457,-0.157443,0.108933,0.092011,0.000000,1,0.003363,3.881760,14.494581,71.505944,-1.348774,68.802960,0.000000
7.550000,1.566667,1,-0.799483,1.514772,0.359244,-0.153841,-0.191952,0.119446,-0.961884,0.272026,-0.020407,0.068647,-0.100279,0.220406,0.808521,0.536338,-0.404571,-0.911486,0.074268,0.823077,-0.327526,0.463973,0.074802,-0.830171,1.359484,0.101449,0.054990,-0.161695,0.249691,-0.246275,0.063046,0.953921,-0.159399,0.106199,0.102076,0.000000,1,0.003326,3.776440,15.001621,71.340086,-1.312486,68.481674,0.000000
7.583333,1.600000,1,-0.799184,1.514365,0.356809,-0.158259,-0.193061,0.117135,-0.961229,0.272168,-0.019903,0.066216,-0.099310,0.224851,0.808984,0.533970,-0.410028,-0.908606,0.079447,0.819286,-0.328637,0.469859,0.074600,-0.830171,1.359484,0.101449,0.054579,-0.161373,0.247259,-0.248676,0.067010,0.952709,-0.161290,0.119590,0.109821,0.000000,1,0.003691,3.683010,15.512996,71.159074,-1.280722,68.152937,0.000000
7.616666,1.633333,1,-0.798880,1.513929,0.354261,-0.163787,-0.194431,0.115009,-0.960283,0.272330,-0.019377,0.063671,-0.098079,0.230408,0.809108,0.531636,-0.415487,-0.905498,0.086273,0.815106,-0.328551,0.477134,0.078099,-0.830171,1.359484,0.101449,0.054150,-0.161022,0.244716,-0.251640,0.071961,0.951297,-0.162888,0.127126,0.097651,0.000000,1,0.005250,3.585380,16.049120,70.963684,-1.247126,67.808975,0.000000
7.650000,1.666667,1,-0.798443,1.513473,0.351590,-0.170610,-0.197592,0.112014,-0.958803,0.272426,-0.018731,0.061006,-0.097877,0.237921,0.809151,0.528288,-0.422664,-0.901504,0.092987,0.808356,-0.328611,0.488442,0.082333,-0.830171,1.359484,0.101449,0.053602,-0.160722,0.242043,-0.256705,0.077658,0.949114,-0.165086,0.121847,0.090269,0.000000,1,0.007333,3.466871,16.608358,70.766640,-1.205167,67.457191,0.000000
7.683333,1.700000,1,-0.797863,1.512983,0.348855,-0.176082,-0.202080,0.108405,-0.957292,0.272465,-0.017951,0.058277,-0.099468,0.244816,0.809439,0.524385,-0.430253,-0.897618,0.095729,0.800213,-0.330171,0.500647,0.085144,-0.830171,1.359484,0.101449,0.052919,-0.160470,0.239300,-0.262659,0.081689,0.946658,-0.167855,0.120345,0.104238,0.000000,1,0.009137,3.324592,17.178874,70.570763,-1.153844,67.103905,0.000000
7.716666,1.733333,1,-0.797259,1.512429,0.346237,-0.179722,-0.207165,0.105104,-0.955895,0.272539,-0.017113,0.055666,-0.102409,0.250339,0.809688,0.520815,-0.436527,-0.894670,0.094921,0.792122,-0.332164,0.512065,0.082307,-0.830171,1.359484,0.101449,0.052177,-0.160186,0.236674,-0.268640,0.083785,0.944341,-0.170389,0.110311,0.107934,0.000000,1,0.008778,3.171319,17.726455,70.374214,-1.098272,66.761739,0.000000
7.750000,1.766667,1,-0.796701,1.511744,0.343735,-0.182694,-0.211252,0.102553,-0.954714,0.272746,-0.016234,0.053170,-0.104752,0.254820,0.809789,0.518012,-0.441381,-0.892346,0.094346,0.785575,-0.333461,0.521225,0.079616,-0.830171,1.359484,0.101449,0.051396,-0.159775,0.234171,-0.273456,0.085513,0.942454,-0.172308,0.114675,0.110694,0.000000,1,0.008711,3.008909,18.254164,70.162989,-1.039298,66.422117,0.000000
7.783333,1.800000,1,-0.796160,1.510972,0.341291,-0.186455,-0.214424,0.100512,-0.953496,0.273033,-0.015318,0.050733,-0.105923,0.259600,0.809630,0.515642,-0.445786,-0.889955,0.096204,0.779964,-0.333442,0.529596,0.078578,-0.830171,1.359484,0.101449,0.050580,-0.159286,0.231731,-0.277617,0.088253,0.940721,-0.173737,0.123682,0.116434,0.000000,1,0.009300,2.838949,18.772128,69.940859,-0.977535,66.083030,0.000000
7.816666,1.833333,1,-0.795622,1.510182,0.338891,-0.190120,-0.217732,0.098319,-0.952250,0.273337,-0.014393,0.048340,-0.107258,0.264354,0.809515,0.513126,-0.450395,-0.887474,0.097640,0.774058,-0.333638,0.538071,0.077502,-0.830171,1.359484,0.101449,0.049754,-0.158783,0.229335,-0.281881,0.090866,0.938912,-0.175302,0.137156,0.106073,0.000000,1,0.009865,2.667354,19.281368,69.716275,-0.915233,65.748483,0.000000
7.850000,1.866667,1,-0.795143,1.509374,0.336575,-0.194252,-0.221444,0.095886,-0.950807,0.273690,-0.013505,0.046032,-0.108749,0.269707,0.809333,0.510307,-0.455522,-0.884676,0.099238,0.767355,-0.333691,0.547555,0.074961,-0.830171,1.359484,0.101449,0.048965,-0.158238,0.227028,-0.286671,0.093816,0.936847,-0.177017,0.135669,0.102876,0.000000,1,0.009960,2.502193,19.774586,69.487248,-0.855495,65.420212,0.000000
7.883333,1.900000,1,-0.794763,1.508504,0.334291,-0.199806,-0.224592,0.093817,-0.949123,0.274153,-0.012659,0.043754,-0.109099,0.276082,0.808775,0.507700,-0.460677,-0.881470,0.103861,0.760989,-0.332039,0.557356,0.074212,-0.830171,1.359484,0.101449,0.048223,-0.157587,0.224760,-0.291324,0.098290,0.934708,-0.178297,0.130009,0.098528,0.000000,1,0.010905,2.344055,20.264778,69.240708,-0.798575,65.086445,0.000000
7.916666,1.933333,1,-0.794492,1.507608,0.332039,-0.205207,-0.227103,0.092148,-0.947535,0.274702,-0.011885,0.041507,-0.108946,0.282037,0.808123,0.505493,-0.465216,-0.878454,0.109052,0.755547,-0.329864,0.565984,0.073177,-0.830171,1.359484,0.101449,0.047555,-0.156856,0.222531,-0.295316,0.102792,0.932788,-0.179244,0.145261,0.196234,0.000000,1,0.011794,2.198647,20.751100,68.980119,-0.746585,64.749353,0.000000
7.950000,1.966667,1,-0.794290,1.506716,0.329919,-0.209927,-0.230397,0.090962,-0.945819,0.275289,-0.011169,0.039392,-0.109796,0.287734,0.807141,0.503664,-0.468535,-0.876240,0.112600,0.749872,-0.327064,0.575084,0.069259,-0.830171,1.359484,0.101449,0.046943,-0.156100,0.220437,-0.299840,0.106407,0.930853,-0.179686,0.136059,0.194590,0.000000,1,0.011498,2.063999,21.210789,68.721726,-0.698707,64.425836,0.000000
7.983333,2.000000,1,-0.794217,1.505824,0.327930,-0.214427,-0.234308,0.090331,-0.943907,0.275955,-0.010557,0.037407,-0.111294,0.293511,0.805737,0.502248,-0.470721,-0.874692,0.115483,0.744027,-0.323196,0.584780,0.065428,-0.830171,1.359484,0.101449,0.046434,-0.155278,0.218482,-0.304870,0.109625,0.928874,-0.179529,0.180854,0.212167,0.000000,1,0.011396,1.948103,21.645339,68.459516,-0.657892,64.112047,0.000000
8.016666,2.033333,1,-0.794254,1.504969,0.326084,-0.217917,-0.237680,0.089935,-0.942301,0.276656,-0.010057,0.035564,-0.112761,0.298143,0.804497,0.501179,-0.472208,-0.873632,0.117415,0.739157,-0.319859,0.592737,0.061034,-0.830171,1.359484,0.101449,0.046034,-0.154435,0.216674,-0.309090,0.112022,0.927241,-0.179273,0.160322,0.181164,0.000000,1,0.011117,1.852709,22.051138,68.201448,-0.624684,63.813270,0.000000
8.050000,2.066667,1,-0.794400,1.504094,0.324524,-0.220397,-0.240448,0.090362,-0.940981,0.277441,-0.009634,0.034007,-0.114134,0.301603,0.803139,0.500976,-0.471994,-0.873553,0.118862,0.735860,-0.316118,0.598815,0.053840,-0.830171,1.359484,0.101449,0.045703,-0.153532,0.215159,-0.312422,0.113605,0.926109,-0.178351,0.123570,0.126272,0.000000,1,0.009896,1.770990,22.399386,67.953595,-0.596502,63.542882,0.000000
8.083333,2.100000,1,-0.794725,1.503175,0.323231,-0.223698,-0.242671,0.091581,-0.939512,0.278368,-0.009330,0.032714,-0.114649,0.305558,0.801298,0.501410,-0.470886,-0.873622,0.122683,0.733494,-0.310444,0.604658,0.048572,-0.830171,1.359484,0.101449,0.045491,-0.152510,0.213921,-0.315450,0.116120,0.925100,-0.176626,0.064235,0.148004,0.000000,1,0.009352,1.710691,22.696212,67.706004,-0.576140,63.293128,0.000000
8.116666,2.133333,1,-0.795181,1.502266,0.322102,-0.227538,-0.244172,0.092570,-0.938103,0.279367,-0.009138,0.031585,-0.114280,0.309671,0.799612,0.501662,-0.470551,-0.873048,0.127941,0.731492,-0.304879,0.609892,0.045590,-0.830171,1.359484,0.101449,0.045388,-0.151433,0.212855,-0.317953,0.119364,0.924112,-0.175145,0.098711,0.168502,0.000000,1,0.009325,1.670486,22.961036,67.460687,-0.562997,63.057759,0.000000
8.150000,2.166667,1,-0.795595,1.501402,0.321128,-0.230457,-0.244905,0.093250,-0.937132,0.280305,-0.008941,0.030611,-0.113633,0.312615,0.798451,0.501831,-0.470506,-0.872423,0.132299,0.730329,-0.300874,0.613265,0.040996,-0.830171,1.359484,0.101449,0.045271,-0.150426,0.211938,-0.319470,0.121949,0.923443,-0.174129,0.133642,0.175932,0.000000,1,0.008637,1.629927,23.191785,67.237476,-0.549568,62.847544,0.000000
8.183333,2.200000,1,-0.795917,1.500479,0.320157,-0.233276,-0.245945,0.093727,-0.936114,0.281234,-0.008634,0.029641,-0.113307,0.315606,0.797340,0.501801,-0.470715,-0.871732,0.136054,0.728690,-0.297178,0.617005,0.041334,-0.830171,1.359484,0.101449,0.045045,-0.149422,0.211022,-0.321255,0.124354,0.922661,-0.173286,0.180480,0.166870,0.000000,1,0.009084,1.569980,23.421239,67.015907,-0.529097,62.639941,0.000000
8.216666,2.233333,1,-0.796139,1.499537,0.319078,-0.236936,-0.247755,0.093744,-0.934714,0.282118,-0.008235,0.028564,-0.113298,0.319695,0.796096,0.501188,-0.471948,-0.870429,0.140063,0.725547,-0.293212,0.622582,0.043496,-0.830171,1.359484,0.101449,0.044728,-0.148451,0.209993,-0.324027,0.127357,0.921385,-0.172733,0.190917,0.153157,0.000000,1,0.010179,1.493923,23.671776,66.791062,-0.502851,62.424468,0.000000
8.250000,2.266667,1,-0.796221,1.498646,0.317945,-0.241292,-0.250416,0.092911,-0.932972,0.282877,-0.007755,0.027433,-0.113743,0.324784,0.794931,0.499663,-0.474799,-0.868279,0.143729,0.720511,-0.289705,0.630027,0.043304,-0.830171,1.359484,0.101449,0.044326,-0.147598,0.208900,-0.327829,0.130803,0.919532,-0.172855,0.177136,0.158826,0.000000,1,0.010599,1.404275,23.929609,66.579521,-0.471777,62.214651,0.000000
8.283333,2.300000,1,-0.796261,1.497765,0.316883,-0.244726,-0.253054,0.092039,-0.931452,0.283603,-0.007248,0.026375,-0.114578,0.329036,0.793977,0.498205,-0.477328,-0.866526,0.145911,0.715725,-0.287055,0.636661,0.041400,-0.830171,1.359484,0.101449,0.043892,-0.146781,0.207876,-0.331345,0.133370,0.917856,-0.173099,0.168067,0.158208,0.000000,1,0.010543,1.310175,24.171532,66.378491,-0.439185,62.017136,0.000000
8.316666,2.333333,1,-0.796382,1.496846,0.316014,-0.246254,-0.254882,0.091904,-0.930563,0.284409,-0.006785,0.025509,-0.115534,0.331222,0.793252,0.497690,-0.477913,-0.866122,0.146396,0.713052,-0.285194,0.640486,0.038118,-0.830171,1.359484,0.101449,0.043500,-0.145899,0.207050,-0.333524,0.134320,0.916968,-0.172886,0.198366,0.165026,0.000000,1,0.010111,1.223860,24.376123,66.182017,-0.409415,61.836179,0.000000
8.350000,2.366667,1,-0.796605,1.495822,0.315327,-0.246773,-0.256515,0.092463,-0.929921,0.285359,-0.006341,0.024823,-0.116765,0.332419,0.792434,0.497908,-0.476908,-0.866747,0.145971,0.711488,-0.283171,0.643117,0.037587,-0.830171,1.359484,0.101449,0.043127,-0.144885,0.206415,-0.335209,0.134342,0.916496,-0.172110,0.205318,0.147201,0.000000,1,0.010137,1.140802,24.547622,65.979791,-0.380884,61.664761,0.000000
8.383333,2.400000,1,-0.796884,1.494722,0.314698,-0.247342,-0.258297,0.092953,-0.929228,0.286405,-0.005897,0.024197,-0.118105,0.333727,0.791601,0.498041,-0.476013,-0.867329,0.145435,0.709670,-0.281163,0.646000,0.038941,-0.830171,1.359484,0.101449,0.042758,-0.143779,0.205844,-0.337050,0.134371,0.915953,-0.171380,0.208722,0.152594,0.000000,1,0.010785,1.057885,24.710298,65.767962,-0.352502,61.492372,0.000000
8.416666,2.433333,1,-0.797152,1.493672,0.314082,-0.247748,-0.259881,0.093038,-0.928669,0.287404,-0.005474,0.023583,-0.119343,0.334800,0.791069,0.497872,-0.475762,-0.867614,0.144557,0.707790,-0.280066,0.648534,0.037383,-0.830171,1.359484,0.101449,0.042407,-0.142723,0.205284,-0.338669,0.134308,0.915421,-0.171085,0.216226,0.154725,0.000000,1,0.010893,0.979441,24.869290,65.563705,-0.325736,61.326127,0.000000
8.450000,2.466667,1,-0.797404,1.492693,0.313465,-0.247994,-0.261641,0.093013,-0.928112,0.288337,-0.005081,0.022967,-0.120809,0.335807,0.790587,0.497606,-0.475586,-0.867939,0.143178,0.705664,-0.279244,0.651199,0.035554,-0.830171,1.359484,0.101449,0.042081,-0.141733,0.204719,-0.340410,0.134042,0.914849,-0.170894,0.204809,0.162338,0.000000,1,0.010985,0.906765,25.026917,65.368494,-0.301016,61.165939,0.000000
8.483333,2.500000,1,-0.797705,1.491758,0.312773,-0.248740,-0.262970,0.093296,-0.927508,0.289263,-0.004752,0.022277,-0.121667,0.337070,0.789925,0.497593,-0.475197,-0.868143,0.143232,0.704102,-0.277570,0.653602,0.036025,-0.830171,1.359484,0.101449,0.041824,-0.140749,0.204081,-0.341879,0.134375,0.914346,-0.170396,0.205913,0.160726,0.000000,1,0.011946,0.846050,25.199941,65.166776,-0.280453,60.997994,0.000000
8.516666,2.533333,1,-0.797987,1.490912,0.312097,-0.249519,-0.264485,0.093374,-0.926860,0.290107,-0.004464,0.021601,-0.122677,0.338445,0.789317,0.497377,-0.475134,-0.868215,0.143007,0.702137,-0.276143,0.656314,0.033574,-0.830171,1.359484,0.101449,0.041601,-0.139850,0.203453,-0.343538,0.134690,0.913737,-0.170075,0.217083,0.157252,0.000000,1,0.011867,0.792882,25.367751,64.977966,-0.262490,60.839384,0.000000
8.550000,2.566667,1,-0.798134,1.490117,0.311559,-0.249430,-0.267219,0.093357,-0.926101,0.290830,-0.004097,0.021065,-0.125165,0.339588,0.788653,0.497032,-0.474586,-0.868980,0.140149,0.698962,-0.275279,0.660055,0.029153,-0.830171,1.359484,0.101449,0.041289,-0.139076,0.202954,-0.346108,0.133824,0.912945,-0.169800,0.204763,0.150205,0.000000,1,0.010627,0.726429,25.502873,64.820064,-0.240064,60.708615,0.000000
8.583333,2.600000,1,-0.798164,1.489311,0.311136,-0.249296,-0.270271,0.093339,-0.925253,0.291491,-0.003633,0.020645,-0.127957,0.340833,0.787909,0.496648,-0.473935,-0.869851,0.136911,0.695403,-0.274346,0.664190,0.027302,-0.830171,1.359484,0.101449,0.040873,-0.138367,0.202564,-0.348967,0.132825,0.912059,-0.169491,0.200355,0.152964,0.000000,1,0.009817,0.643127,25.611862,64.682347,-0.212037,60.597716,0.000000
8.616666,2.633333,1,-0.798106,1.488514,0.310680,-0.250008,-0.272521,0.093051,-0.924429,0.292092,-0.003103,0.020192,-0.129657,0.342476,0.787308,0.496028,-0.474290,-0.869864,0.135596,0.692246,-0.273331,0.667896,0.027614,-0.830171,1.359484,0.101449,0.040390,-0.137711,0.202135,-0.351316,0.132874,0.911158,-0.169451,0.200059,0.163296,0.000000,1,0.010079,0.548648,25.725582,64.550428,-0.180363,60.488755,0.000000
8.650000,2.666667,1,-0.797881,1.487762,0.310158,-0.250524,-0.274169,0.092250,-0.923883,0.292557,-0.002467,0.019675,-0.130906,0.343673,0.787183,0.495072,-0.475535,-0.869402,0.134191,0.689446,-0.273586,0.670682,0.028280,-0.830171,1.359484,0.101449,0.039796,-0.137183,0.201629,-0.353050,0.132915,0.910378,-0.170002,0.212612,0.165876,0.000000,1,0.010285,0.435906,25.848189,64.432868,-0.142701,60.384770,0.000000
8.683333,2.700000,1,-0.797476,1.487082,0.309617,-0.250235,-0.275719,0.091304,-0.923594,0.292855,-0.001729,0.019140,-0.132426,0.344105,0.787349,0.494102,-0.476653,-0.869198,0.131515,0.686925,-0.274910,0.672724,0.028757,-0.830171,1.359484,0.101449,0.039093,-0.136813,0.201092,-0.354465,0.132213,0.909784,-0.170787,0.208952,0.159415,0.000000,1,0.010123,0.305765,25.968796,64.338484,-0.099374,60.293949,0.000000
8.716666,2.733333,1,-0.796955,1.486448,0.309075,-0.250204,-0.277166,0.090454,-0.923253,0.293047,-0.000928,0.018604,-0.133739,0.344721,0.787427,0.493194,-0.477747,-0.868913,0.129410,0.684503,-0.275854,0.674803,0.029486,-0.830171,1.359484,0.101449,0.038321,-0.136546,0.200546,-0.355853,0.131786,0.909176,-0.171463,0.194903,0.339384,0.000000,1,0.010127,0.164536,26.085891,64.259592,-0.052499,60.212746,0.000000
8.750000,2.766667,1,-0.796441,1.485834,0.308571,-0.251060,-0.278297,0.089526,-0.922770,0.293227,-0.000143,0.018106,-0.134373,0.345992,0.787415,0.492150,-0.479464,-0.868037,0.128945,0.682069,-0.276155,0.677141,0.028394,-0.830171,1.359484,0.101449,0.037564,-0.136295,0.200036,-0.357199,0.132306,0.908441,-0.172159,0.147617,1.478147,0.000000,1,0.010072,0.026308,26.194946,64.185655,-0.006751,60.137147,0.000000
8.783333,2.800000,1,-0.795972,1.485212,0.308084,-0.252177,-0.279329,0.088464,-0.922256,0.293441,0.000609,0.017625,-0.134802,0.347450,0.787435,0.490971,-0.481552,-0.866890,0.128880,0.679541,-0.276452,0.679557,0.027551,-0.830171,1.359484,0.101449,0.036840,-0.136011,0.199547,-0.358528,0.133107,0.907646,-0.172973,0.178148,1.882053,0.000000,1,0.010301,-0.106194,26.301704,64.107606,0.036976,60.060505,0.000000
8.816666,2.833333,1,-0.795583,1.484576,0.307620,-0.253110,-0.280585,0.087419,-0.921719,0.293714,0.001307,0.017166,-0.135515,0.348845,0.787427,0.489798,-0.483468,-0.865907,0.128311,0.676812,-0.276810,0.682130,0.026368,-0.830171,1.359484,0.101449,0.036173,-0.135674,0.199085,-0.360018,0.133667,0.906823,-0.173760,0.212522,2.570871,0.000000,1,0.010566,-0.229006,26.406026,64.022330,0.077381,59.981241,0.000000
8.850000,2.866667,1,-0.795318,1.483926,0.307170,-0.253983,-0.281701,0.086985,-0.921179,0.294073,0.001914,0.016721,-0.136127,0.350125,0.787143,0.489170,-0.484365,-0.865417,0.128238,0.674771,-0.276251,0.684375,0.025012,-0.830171,1.359484,0.101449,0.035601,-0.135256,0.198645,-0.361339,0.134198,0.906179,-0.173969,0.230103,3.176432,0.000000,1,0.010999,-0.335489,26.510577,63.924978,0.112284,59.895952,0.000000
8.883333,2.900000,1,-0.795178,1.483265,0.306724,-0.254951,-0.282224,0.087123,-0.920738,0.294515,0.002427,0.016279,-0.136164,0.351226,0.786692,0.489096,-0.484488,-0.865185,0.129329,0.673887,-0.274849,0.685809,0.024265,-0.830171,1.359484,0.101449,0.035126,-0.134761,0.198218,-0.362110,0.134978,0.905812,-0.173673,0.213854,3.800598,0.000000,1,0.011556,-0.425294,26.617310,63.815086,0.141590,59.803766,0.000000
8.916666,2.933333,1,-0.795069,1.482601,0.306272,-0.255875,-0.282587,0.087087,-0.920374,0.294980,0.002916,0.015830,-0.136078,0.352216,0.786386,0.488901,-0.484917,-0.864787,0.130378,0.673072,-0.273839,0.687013,0.024325,-0.830171,1.359484,0.101449,0.034676,-0.134244,0.197785,-0.362720,0.135764,0.905470,-0.173571,0.211623,4.387610,0.000000,1,0.012007,-0.510718,26.726468,63.700798,0.169347,59.708854,0.000000
8.950000,2.966667,1,-0.794903,1.481978,0.305805,-0.256656,-0.283329,0.086520,-0.919982,0.295377,0.003429,0.015366,-0.136396,0.353247,0.786292,0.488218,-0.486078,-0.864128,0.130428,0.671402,-0.273720,0.688693,0.023900,-0.830171,1.359484,0.101449,0.034200,-0.133792,0.197332,-0.363665,0.136316,0.904933,-0.173962,0.206525,5.062796,0.000000,1,0.012128,-0.600007,26.836373,63.595013,0.198247,59.618474,0.000000
8.983333,3.000000,1,-0.794668,1.481400,0.305293,-0.257923,-0.284652,0.085552,-0.919309,0.295696,0.003968,0.014858,-0.137020,0.354971,0.786130,0.487053,-0.488009,-0.863051,0.130348,0.668498,-0.273550,0.691578,0.024213,-0.830171,1.359484,0.101449,0.033695,-0.133414,0.196829,-0.365311,0.137178,0.904011,-0.174627,0.215672,5.739706,0.000000,1,0.012465,-0.694046,26.952917,63.496349,0.228576,59.529956,0.000000
9.016666,3.033333,1,-0.794407,1.480810,0.304769,-0.259298,-0.286419,0.084789,-0.918444,0.296009,0.004535,0.014338,-0.137993,0.356990,0.785705,0.485986,-0.489550,-0.862209,0.130141,0.665160,-0.272750,0.695104,0.024923,-0.830171,1.359484,0.101449,0.033163,-0.133039,0.196314,-0.367403,0.138012,0.902958,-0.175027,0.233020,6.416003,0.000000,1,0.012874,-0.792813,27.071675,63.397026,0.260338,59.440696,0.000000
9.050000,3.066667,1,-0.794157,1.480156,0.304289,-0.260214,-0.287962,0.084608,-0.917719,0.296380,0.005133,0.013862,-0.138967,0.358500,0.785144,0.485504,-0.489948,-0.862021,0.129888,0.662741,-0.271527,0.697887,0.025468,-0.830171,1.359484,0.101449,0.032601,-0.132608,0.195845,-0.369135,0.138458,0.902202,-0.174927,0.229670,7.069653,0.000000,1,0.013132,-0.896582,27.183436,63.292772,0.293619,59.351472,0.000000
9.083333,3.100000,1,-0.793894,1.479453,0.303812,-0.261273,-0.288867,0.084338,-0.917158,0.296783,0.005770,0.013390,-0.139306,0.359853,0.784769,0.485012,-0.490714,-0.861505,0.130420,0.660986,-0.270538,0.699934,0.026696,-0.830171,1.359484,0.101449,0.032001,-0.132143,0.195380,-0.370304,0.139226,0.901596,-0.174975,0.237787,7.627778,0.000000,1,0.013617,-1.007121,27.295723,63.183619,0.328974,59.259853,0.000000
9.116666,3.133333,1,-0.793566,1.478790,0.303277,-0.262910,-0.289864,0.083612,-0.916442,0.297114,0.006435,0.012860,-0.139473,0.361763,0.784460,0.484043,-0.492499,-0.860337,0.131395,0.658511,-0.269660,0.702600,0.027376,-0.830171,1.359484,0.101449,0.031372,-0.131745,0.194853,-0.371741,0.140532,0.900720,-0.175396,0.201348,8.226717,0.000000,1,0.014125,-1.122411,27.417495,63.079190,0.365710,59.167937,0.000000
9.150000,3.166667,1,-0.793165,1.478214,0.302649,-0.264670,-0.291205,0.082602,-0.915602,0.297332,0.007107,0.012237,-0.139893,0.363937,0.784168,0.482764,-0.494738,-0.858960,0.131991,0.655311,-0.268978,0.705846,0.028252,-0.830171,1.359484,0.101449,0.030734,-0.131453,0.194225,-0.373545,0.141864,0.899638,-0.176042,0.210859,8.781123,0.000000,1,0.014759,-1.239201,27.554438,62.982533,0.402773,59.075473,0.000000
9.183333,3.200000,1,-0.792696,1.477639,0.301922,-0.266263,-0.292595,0.081532,-0.914792,0.297508,0.007834,0.011516,-0.140432,0.365983,0.783930,0.481445,-0.496979,-0.857630,0.132224,0.652048,-0.268534,0.709030,0.031157,-0.830171,1.359484,0.101449,0.030042,-0.131194,0.193494,-0.375350,0.143024,0.898562,-0.176756,0.231576,9.379217,0.000000,1,0.015867,-1.365562,27.710203,62.881994,0.442792,58.975257,0.000000
9.216666,3.233333,1,-0.792098,1.477010,0.301160,-0.267824,-0.294253,0.080579,-0.913888,0.297649,0.008696,0.010762,-0.141225,0.368121,0.783555,0.480191,-0.498944,-0.856489,0.132222,0.648537,-0.267807,0.712516,0.034644,-0.830171,1.359484,0.101449,0.029214,-0.130961,0.192724,-0.377398,0.144074,0.897424,-0.177324,0.252882,11.999197,0.000000,1,0.016688,-1.515680,27.872030,62.782317,0.490297,58.873944,0.000000
9.250000,3.266667,1,-0.791364,1.476358,0.300462,-0.269405,-0.296553,0.079167,-0.912803,0.297727,0.009681,0.010071,-0.142585,0.370561,0.783226,0.478447,-0.501516,-0.855137,0.131235,0.643791,-0.267546,0.716905,0.036151,-0.830171,1.359484,0.101449,0.028259,-0.130788,0.192010,-0.380071,0.144969,0.895965,-0.178262,0.254494,12.893029,0.000000,1,0.016627,-1.687328,28.018784,62.696952,0.544524,58.785319,0.000000
9.283333,3.300000,1,-0.790556,1.475658,0.299865,-0.271307,-0.299327,0.077192,-0.911503,0.297799,0.010753,0.009483,-0.144229,0.373501,0.782956,0.476104,-0.505047,-0.853276,0.129800,0.637798,-0.267645,0.722205,0.036743,-0.830171,1.359484,0.101449,0.027213,-0.130624,0.191394,-0.383303,0.146051,0.894132,-0.179654,0.213305,14.004075,0.000000,1,0.016364,-1.874180,28.144643,62.621408,0.603461,58.708834,0.000000
9.316666,3.333333,1,-0.789724,1.474864,0.299362,-0.272919,-0.301249,0.075722,-0.910511,0.297932,0.011898,0.008989,-0.145237,0.375800,0.782735,0.474348,-0.507801,-0.851738,0.129155,0.633417,-0.267537,0.726090,0.037632,-0.830171,1.359484,0.101449,0.026094,-0.130401,0.190874,-0.385629,0.147085,0.892754,-0.180683,0.210613,14.839389,0.000000,1,0.016326,-2.073490,28.253324,62.544752,0.666249,58.637555,0.000000
9.350000,3.366667,1,-0.788856,1.473987,0.298981,-0.273776,-0.302734,0.074656,-0.909849,0.298109,0.013123,0.008617,-0.146189,0.377230,0.782625,0.473101,-0.509608,-0.850815,0.128112,0.630227,-0.267746,0.728783,0.038757,-0.830171,1.359484,0.101449,0.024893,-0.130137,0.190477,-0.387313,0.147509,0.891799,-0.181450,0.215511,15.502492,0.000000,1,0.016042,-2.286095,28.338806,62.472099,0.733118,58.576035,0.000000
9.383333,3.400000,1,-0.787968,1.473012,0.298742,-0.274178,-0.304517,0.073332,-0.909240,0.298352,0.014421,0.008389,-0.147611,0.378384,0.782677,0.471650,-0.511515,-0.850006,0.125866,0.626592,-0.268745,0.731546,0.040212,-0.830171,1.359484,0.101449,0.023617,-0.129812,0.190224,-0.389155,0.147416,0.890802,-0.182481,0.191411,15.977441,0.000000,1,0.015649,-2.510769,28.397485,62.402137,0.803665,58.524694,0.000000
9.416666,3.433333,1,-0.787079,1.471904,0.298628,-0.274870,-0.306048,0.071909,-0.908631,0.298702,0.015799,0.008286,-0.148679,0.379684,0.782773,0.470107,-0.513787,-0.848877,0.124220,0.623072,-0.269678,0.734204,0.042750,-0.830171,1.359484,0.101449,0.022263,-0.129386,0.190101,-0.390845,0.147675,0.889787,-0.183608,0.059154,16.370026,0.000000,1,0.015560,-2.748056,28.434482,62.327047,0.878059,58.477802,0.000000
9.450000,3.466667,1,-0.786178,1.470759,0.298622,-0.275403,-0.307116,0.070775,-0.908198,0.299075,0.017207,0.008291,-0.149402,0.380636,0.782896,0.468902,-0.515619,-0.847939,0.123030,0.620467,-0.270493,0.736107,0.043718,-0.830171,1.359484,0.101449,0.020875,-0.128941,0.190087,-0.392042,0.147907,0.889032,-0.184524,0.074497,16.563546,0.000000,1,0.015190,-2.989945,28.450472,62.257752,0.953668,58.440773,0.000000
9.483333,3.500000,1,-0.785194,1.469583,0.298682,-0.275208,-0.308195,0.069670,-0.907977,0.299422,0.018700,0.008363,-0.150459,0.380942,0.783193,0.467819,-0.517016,-0.847416,0.120747,0.618153,-0.272059,0.737476,0.046038,-0.830171,1.359484,0.101449,0.019400,-0.128523,0.190134,-0.393039,0.147435,0.888468,-0.185491,0.070319,16.394676,0.000000,1,0.015129,-3.246081,28.452371,62.197237,1.033518,58.412963,0.000000
9.516666,3.533333,1,-0.784210,1.468293,0.298760,-0.275015,-0.309351,0.068707,-0.907716,0.299860,0.020262,0.008453,-0.151584,0.381283,0.783391,0.466844,-0.518157,-0.847036,0.118501,0.615851,-0.273359,0.738920,0.048733,-0.830171,1.359484,0.101449,0.017860,-0.128011,0.190204,-0.394107,0.146939,0.887906,-0.186309,0.062791,16.265622,0.000000,1,0.015766,-3.512642,28.454142,62.123017,1.116487,58.378231,0.000000
9.550000,3.566667,1,-0.783333,1.466970,0.298817,-0.274960,-0.310419,0.067934,-0.907426,0.300389,0.021757,0.008522,-0.152567,0.381709,0.783480,0.466027,-0.519085,-0.846718,0.116707,0.613773,-0.274235,0.740323,0.047627,-0.830171,1.359484,0.101449,0.016391,-0.127411,0.190260,-0.395125,0.146598,0.887378,-0.186937,0.107183,15.912620,0.000000,1,0.016303,-3.766064,28.463813,62.032312,1.195092,58.332514,0.000000
9.583333,3.600000,1,-0.782491,1.465637,0.298766,-0.275684,-0.312134,0.067080,-0.906681,0.300946,0.023233,0.008482,-0.153784,0.383122,0.783201,0.464934,-0.520373,-0.846110,0.115366,0.610438,-0.274107,0.743122,0.047328,-0.830171,1.359484,0.101449,0.014947,-0.126777,0.190212,-0.396982,0.146825,0.886398,-0.187474,0.055994,15.036463,0.000000,1,0.017442,-4.014795,28.497134,61.925522,1.271931,58.271109,0.000000
9.616666,3.633333,1,-0.781642,1.464346,0.298496,-0.277302,-0.314270,0.065961,-0.905531,0.301466,0.024690,0.008223,-0.154980,0.385525,0.782682,0.463423,-0.522441,-0.844923,0.114722,0.605928,-0.273220,0.747129,0.047053,-0.830171,1.359484,0.101449,0.013528,-0.126166,0.189941,-0.399501,0.147799,0.884967,-0.188115,0.035797,13.936764,0.000000,1,0.019228,-4.260073,28.574481,61.801865,1.347335,58.187251,0.000000
9.650000,3.666667,1,-0.780790,1.463190,0.297927,-0.278302,-0.315707,0.064782,-0.904810,0.301876,0.026071,0.007665,-0.155825,0.387060,0.782569,0.462048,-0.524460,-0.843797,0.113793,0.602542,-0.273392,0.749800,0.046349,-0.830171,1.359484,0.101449,0.012189,-0.125651,0.189369,-0.401182,0.148379,0.883927,-0.188970,0.042260,12.879157,0.000000,1,0.021328,-4.493184,28.709094,61.665210,1.418520,58.078852,0.000000
9.683333,3.700000,1,-0.779880,1.462142,0.297164,-0.278760,-0.317255,0.063826,-0.904195,0.302164,0.027434,0.006913,-0.157011,0.388161,0.782451,0.460923,-0.525796,-0.843189,0.112117,0.599408,-0.273764,0.752173,0.047512,-0.830171,1.359484,0.101449,0.010868,-0.125245,0.188594,-0.402807,0.148399,0.883038,-0.189653,0.038190,12.562109,0.000000,1,0.022938,-4.724499,28.879420,61.526776,1.488706,57.958749,0.000000
9.716666,3.733333,1,-0.778930,1.461127,0.296362,-0.279168,-0.319387,0.062449,-0.903414,0.302402,0.028811,0.006122,-0.158744,0.389476,0.782374,0.459348,-0.527600,-0.842417,0.109415,0.595109,-0.274617,0.755269,0.048152,-0.830171,1.359484,0.101449,0.009533,-0.124887,0.187778,-0.404983,0.148214,0.881853,-0.190676,0.207792,17.946858,0.000000,1,0.023684,-4.958442,29.056187,61.390557,1.559319,57.838324,0.000000
9.750000,3.766667,1,-0.778053,1.460127,0.295542,-0.280177,-0.321577,0.061127,-0.902415,0.302671,0.030120,0.005313,-0.160260,0.391356,0.782078,0.457724,-0.529611,-0.841389,0.107593,0.590514,-0.274659,0.758851,0.046880,-0.830171,1.359484,0.101449,0.008268,-0.124499,0.186947,-0.407384,0.148591,0.880489,-0.191567,0.296422,17.794203,0.000000,1,0.024259,-5.180128,29.237967,61.247302,1.625838,57.713120,0.000000
9.783333,3.800000,1,-0.777384,1.459131,0.294805,-0.280897,-0.323383,0.060358,-0.901597,0.303063,0.031260,0.004584,-0.161560,0.392807,0.781696,0.456675,-0.530693,-0.840886,0.106188,0.587038,-0.274302,0.761672,0.042255,-0.830171,1.359484,0.101449,0.007175,-0.124002,0.186211,-0.409323,0.148788,0.879462,-0.191999,0.410586,17.952311,0.000000,1,0.024048,-5.370625,29.407262,61.094848,1.682483,57.587341,0.000000
9.816666,3.833333,1,-0.777033,1.458209,0.294475,-0.281146,-0.324533,0.059985,-0.901131,0.303588,0.032098,0.004260,-0.162480,0.393544,0.781450,0.456136,-0.531081,-0.840780,0.105078,0.585008,-0.274127,0.763295,0.031210,-0.830171,1.359484,0.101449,0.006376,-0.123416,0.185896,-0.410494,0.148710,0.878889,-0.192184,0.534044,17.899213,0.000000,1,0.021120,-5.506745,29.498151,60.966401,1.722037,57.498471,0.000000
9.850000,3.866667,1,-0.776866,1.457392,0.294516,-0.281523,-0.325191,0.059640,-0.900799,0.304140,0.032722,0.004306,-0.162903,0.394175,0.781310,0.455680,-0.531637,-0.840479,0.104680,0.583629,-0.273964,0.764409,0.025041,-0.830171,1.359484,0.101449,0.005778,-0.122836,0.185958,-0.411235,0.148893,0.878466,-0.192391,0.647556,17.956349,0.000000,1,0.018310,-5.605252,29.513885,60.874098,1.749681,57.451595,0.000000
9.883333,3.900000,1,-0.776576,1.456644,0.294766,-0.281352,-0.327778,0.058613,-0.899982,0.304563,0.033401,0.004561,-0.165300,0.395176,0.781042,0.454406,-0.532383,-0.840466,0.100928,0.579176,-0.274703,0.767525,0.025197,-0.830171,1.359484,0.101449,0.005112,-0.122395,0.186219,-0.413666,0.148015,0.877324,-0.193069,0.662483,17.936862,0.000000,1,0.016416,-5.714603,29.482460,60.821405,1.780259,57.439961,0.000000
9.916666,3.933333,1,-0.776075,1.455918,0.295083,-0.281124,-0.332606,0.057028,-0.898382,0.304842,0.034236,0.004884,-0.169732,0.397127,0.780330,0.452291,-0.533249,-0.840682,0.094340,0.571061,-0.275447,0.773316,0.028122,-0.830171,1.359484,0.101449,0.004282,-0.122095,0.186533,-0.418218,0.146459,0.875220,-0.193994,0.615899,17.953635,0.000000,1,0.015773,-5.852448,29.432219,60.794988,1.819283,57.447885,0.000000
9.950000,3.966667,1,-0.775568,1.455195,0.295401,-0.280902,-0.336956,0.055636,-0.896916,0.305115,0.035073,0.005209,-0.173733,0.398872,0.779650,0.450405,-0.533904,-0.840911,0.088407,0.563723,-0.276073,0.778460,0.028167,-0.830171,1.359484,0.101449,0.003448,-0.121800,0.186849,-0.422315,0.145040,0.873311,-0.194786,0.593576,17.816787,0.000000,1,0.015803,-5.990731,29.381523,60.769251,1.858434,57.456122,0.000000
9.983333,4.000000,1,-0.775130,1.454372,0.295814,-0.280850,-0.340339,0.054760,-0.895709,0.305509,0.035915,0.005628,-0.176789,0.400336,0.778968,0.449094,-0.534120,-0.841210,0.084150,0.558109,-0.276091,0.782488,0.030586,-0.830171,1.359484,0.101449,0.002613,-0.121390,0.187266,-0.425529,0.144050,0.871825,-0.195182,0.585328,17.904819,0.000000,1,0.015701,-6.127233,29.316389,60.734042,1.897151,57.463710,0.000000
10.016666,4.033333,1,-0.774630,1.453360,0.296327,-0.281430,-0.343665,0.053976,-0.894303,0.306017,0.036919,0.006148,-0.179513,0.402342,0.778070,0.447775,-0.534545,-0.841253,0.080969,0.552350,-0.275237,0.786863,0.037184,-0.830171,1.359484,0.101449,0.001618,-0.120865,0.187787,-0.428866,0.143683,0.870195,-0.195419,0.668577,17.890565,0.000000,1,0.015982,-6.288576,29.236015,60.688215,1.943472,57.470539,0.000000
10.050000,4.066667,1,-0.773971,1.452287,0.296672,-0.281493,-0.346390,0.053482,-0.893261,0.306478,0.038088,0.006503,-0.181928,0.403617,0.777365,0.446877,-0.534406,-0.841632,0.077885,0.547915,-0.274789,0.790114,0.039161,-0.830171,1.359484,0.101449,0.000463,-0.120368,0.188134,-0.431479,0.142983,0.868997,-0.195513,0.673978,17.946476,0.000000,1,0.017426,-6.478135,29.188721,60.629323,1.998244,57.460462,0.000000
10.083333,4.100000,1,-0.773215,1.451296,0.296794,-0.282282,-0.348977,0.052943,-0.892037,0.306815,0.039287,0.006633,-0.183895,0.405479,0.776520,0.445855,-0.534792,-0.841561,0.075973,0.543298,-0.273600,0.793707,0.037578,-0.830171,1.359484,0.101449,-0.000722,-0.119979,0.188249,-0.434169,0.143022,0.867634,-0.195585,0.640051,17.838630,0.000000,1,0.018735,-6.674866,29.182674,60.565872,2.054946,57.435287,0.000000
10.116666,4.133333,1,-0.772547,1.450360,0.296900,-0.284994,-0.352830,0.051199,-0.889757,0.307161,0.040383,0.006748,-0.186146,0.409629,0.775277,0.443283,-0.537699,-0.839836,0.074534,0.534833,-0.271409,0.800182,0.034655,-0.830171,1.359484,0.101449,-0.001803,-0.119584,0.188351,-0.438641,0.144581,0.864932,-0.196424,0.686300,17.787016,0.000000,1,0.018765,-6.853651,29.180187,60.500535,2.106077,57.407889,0.000000
10.150000,4.166667,1,-0.772167,1.449466,0.297031,-0.289096,-0.357247,0.048724,-0.886806,0.307647,0.041223,0.006885,-0.188284,0.415274,0.773765,0.439755,-0.542328,-0.836914,0.073862,0.524155,-0.268325,0.808247,0.029402,-0.830171,1.359484,0.101449,-0.002623,-0.119065,0.188494,-0.444064,0.147337,0.861397,-0.197720,0.822679,17.848538,0.000000,1,0.018657,-6.986224,29.177453,60.420718,2.143272,57.372617,0.000000
10.183333,4.200000,1,-0.772177,1.448817,0.297101,-0.291692,-0.358521,0.047807,-0.885490,0.308170,0.041605,0.006958,-0.188272,0.418168,0.773009,0.438345,-0.544814,-0.835148,0.075533,0.520231,-0.265977,0.811551,0.019566,-0.830171,1.359484,0.101449,-0.002980,-0.118528,0.188588,-0.446038,0.149499,0.859912,-0.198121,0.875333,17.931105,0.000000,1,0.018410,-7.040784,29.186907,60.337875,2.156848,57.331280,0.000000
10.216666,4.233333,1,-0.772408,1.448488,0.297198,-0.292933,-0.357463,0.047977,-0.885499,0.308572,0.041618,0.007054,-0.186771,0.418807,0.772942,0.438495,-0.545678,-0.834304,0.078563,0.521420,-0.264646,0.811224,0.012402,-0.830171,1.359484,0.101449,-0.002977,-0.118133,0.188710,-0.445387,0.150991,0.860025,-0.197961,0.858707,17.957260,0.000000,1,0.016975,-7.035889,29.184842,60.283554,2.152245,57.307745,0.000000
10.250000,4.266667,1,-0.772564,1.448476,0.297352,-0.293338,-0.357027,0.047889,-0.885546,0.308676,0.041500,0.007207,-0.186200,0.418974,0.773023,0.438435,-0.546208,-0.833867,0.079512,0.521815,-0.264471,0.811027,0.006597,-0.830171,1.359484,0.101449,-0.002858,-0.118045,0.188873,-0.445091,0.151506,0.860065,-0.198061,0.868874,17.957650,0.000000,1,0.014816,-7.014743,29.158673,60.283152,2.142345,57.319419,0.000000
10.283333,4.300000,1,-0.772588,1.448719,0.297480,-0.292934,-0.357766,0.047388,-0.885408,0.308497,0.041333,0.007334,-0.187044,0.418942,0.773124,0.437928,-0.546467,-0.833867,0.077717,0.520424,-0.265412,0.811613,0.008272,-0.830171,1.359484,0.101449,-0.002705,-0.118241,0.188994,-0.445690,0.150918,0.859759,-0.198489,0.807905,17.896029,0.000000,1,0.013616,-6.991281,29.125651,60.325007,2.131544,57.354934,0.000000
10.316666,4.333333,1,-0.772688,1.449072,0.297537,-0.292437,-0.358573,0.046951,-0.885269,0.308275,0.041040,0.007389,-0.187990,0.418857,0.773195,0.437479,-0.546544,-0.833995,0.075777,0.519032,-0.266342,0.812200,0.011151,-0.830171,1.359484,0.101449,-0.002426,-0.118481,0.189043,-0.446324,0.150220,0.859468,-0.198856,0.669012,17.859518,0.000000,1,0.013538,-6.947477,29.104495,60.369315,2.114894,57.387560,0.000000
10.350000,4.366667,1,-0.772938,1.449384,0.297499,-0.291796,-0.357996,0.047266,-0.885697,0.308177,0.040653,0.007348,-0.187757,0.418025,0.773434,0.437952,-0.545890,-0.834429,0.075714,0.520479,-0.266906,0.811087,0.012038,-0.830171,1.359484,0.101449,-0.002043,-0.118596,0.189008,-0.445586,0.149759,0.859965,-0.198709,0.657735,17.870976,0.000000,1,0.014465,-6.885357,29.107030,60.387354,2.093230,57.398733,0.000000
10.383333,4.400000,1,-0.773102,1.449539,0.297389,-0.290605,-0.356257,0.048246,-0.886737,0.308151,0.040430,0.007236,-0.186727,0.416182,0.773919,0.439290,-0.544316,-0.835374,0.076626,0.524524,-0.267635,0.808236,0.007529,-0.830171,1.359484,0.101449,-0.001817,-0.118626,0.188902,-0.443572,0.149081,0.861252,-0.198149,0.815633,17.941260,0.000000,1,0.015650,-6.849007,29.127727,60.383899,2.079666,57.393127,0.000000
10.416666,4.433333,1,-0.772957,1.449398,0.297368,-0.291208,-0.356995,0.047938,-0.886259,0.308176,0.040631,0.007217,-0.187120,0.417051,0.773632,0.438802,-0.544878,-0.835020,0.076482,0.522866,-0.267042,0.809506,0.006110,-0.830171,1.359484,0.101449,-0.002016,-0.118589,0.188878,-0.444451,0.149460,0.860705,-0.198271,0.828239,17.937142,0.000000,1,0.016212,-6.882720,29.134526,60.372926,2.087378,57.388393,0.000000
10.450000,4.466667,1,-0.772622,1.449037,0.297358,-0.292069,-0.358576,0.047364,-0.885367,0.308263,0.041115,0.007210,-0.188155,0.418529,0.773098,0.437894,-0.545694,-0.834566,0.075618,0.519572,-0.266165,0.811912,0.014771,-0.830171,1.359484,0.101449,-0.002495,-0.118477,0.188862,-0.446210,0.149856,0.859673,-0.198498,0.851261,17.903330,0.000000,1,0.017150,-6.962836,29.142729,60.348046,2.109228,57.376307,0.000000
10.483333,4.500000,1,-0.772367,1.448542,0.297331,-0.292747,-0.359048,0.047629,-0.884938,0.308505,0.041617,0.007187,-0.188275,0.419349,0.772599,0.437939,-0.545525,-0.834607,0.076377,0.518796,-0.264712,0.812882,0.016734,-0.830171,1.359484,0.101449,-0.002984,-0.118208,0.188839,-0.446843,0.150371,0.859348,-0.198092,0.828094,17.876450,0.000000,1,0.018012,-7.042825,29.160569,60.297299,2.131284,57.347740,0.000000
10.516666,4.533333,1,-0.772177,1.447944,0.297360,-0.293288,-0.358947,0.048404,-0.884758,0.308868,0.042128,0.007220,-0.187941,0.419791,0.772093,0.438550,-0.544704,-0.834995,0.077983,0.519412,-0.262899,0.813078,0.018820,-0.830171,1.359484,0.101449,-0.003477,-0.117823,0.188879,-0.446881,0.150905,0.859419,-0.197290,0.833205,17.898762,0.000000,1,0.018299,-7.121673,29.172368,60.233043,2.153067,57.314011,0.000000
10.550000,4.566667,1,-0.771899,1.447311,0.297479,-0.291724,-0.359136,0.049473,-0.885139,0.309207,0.042731,0.007343,-0.188804,0.418477,0.771952,0.439682,-0.542066,-0.836847,0.076498,0.520807,-0.263114,0.812116,0.021066,-0.830171,1.359484,0.101449,-0.004066,-0.117462,0.189005,-0.446584,0.149322,0.860052,-0.196409,0.861483,17.955755,0.000000,1,0.017907,-7.216086,29.165637,60.179168,2.179320,57.291576,0.000000
10.583333,4.600000,1,-0.771534,1.446808,0.297597,-0.290218,-0.360098,0.050148,-0.885205,0.309388,0.043324,0.007467,-0.190334,0.417560,0.771708,0.440322,-0.539779,-0.838552,0.073957,0.520649,-0.263521,0.812085,0.018974,-0.830171,1.359484,0.101449,-0.004653,-0.117258,0.189122,-0.447046,0.147585,0.860253,-0.195791,0.900203,17.919765,0.000000,1,0.017339,-7.311959,29.152507,60.149362,2.205680,57.283663,0.000000
10.616666,4.633333,1,-0.771188,1.446429,0.297710,-0.291195,-0.362085,0.049824,-0.884091,0.309484,0.043827,0.007584,-0.191681,0.419324,0.770864,0.439540,-0.540127,-0.838403,0.073100,0.516898,-0.261944,0.814986,0.015766,-0.830171,1.359484,0.101449,-0.005155,-0.117144,0.189229,-0.449215,0.147972,0.859076,-0.195701,0.924874,17.882665,0.000000,1,0.016882,-7.394620,29.136590,60.134051,2.227954,57.283982,0.000000
10.650000,4.666667,1,-0.770939,1.445894,0.297956,-0.294487,-0.365721,0.048067,-0.881598,0.309761,0.044346,0.007833,-0.193478,0.423896,0.769437,0.436859,-0.543442,-0.836299,0.072627,0.508242,-0.258934,0.821367,0.019160,-0.830171,1.359484,0.101449,-0.005667,-0.116857,0.189480,-0.453645,0.150155,0.856186,-0.196483,0.929706,19.123528,0.000000,1,0.016765,-7.475676,29.101282,60.103549,2.249994,57.282252,0.000000
10.683333,4.700000,1,-0.770749,1.445212,0.298229,-0.297821,-0.368896,0.046170,-0.879253,0.310192,0.044906,0.008110,-0.194844,0.428299,0.768204,0.434117,-0.547157,-0.833884,0.072504,0.500078,-0.256204,0.827213,0.022761,-0.830171,1.359484,0.101449,-0.006214,-0.116416,0.189767,-0.457655,0.152513,0.853407,-0.197453,0.932534,20.151964,0.000000,1,0.017414,-7.560229,29.067189,60.051086,2.273253,57.268679,0.000000
10.716666,4.733333,1,-0.770525,1.444624,0.298233,-0.298745,-0.369133,0.046154,-0.878841,0.310527,0.045439,0.008117,-0.194644,0.429233,0.767846,0.433917,-0.547659,-0.833459,0.073590,0.499268,-0.254949,0.828089,0.018886,-0.830171,1.359484,0.101449,-0.006730,-0.116055,0.189779,-0.458143,0.153338,0.853028,-0.197321,0.903391,21.165542,0.000000,1,0.018843,-7.642329,29.083458,59.987394,2.295637,57.233741,0.000000
10.750000,4.766667,1,-0.770267,1.444203,0.297915,-0.297337,-0.366890,0.047971,-0.880160,0.310707,0.045901,0.007803,-0.193257,0.426972,0.768205,0.436128,-0.544889,-0.835101,0.075507,0.505040,-0.254975,0.824574,0.017610,-0.830171,1.359484,0.101449,-0.007171,-0.115831,0.189463,-0.455569,0.152575,0.854832,-0.196061,0.912051,21.801081,0.000000,1,0.020505,-7.716154,29.157978,59.917415,2.315357,57.177625,0.000000
10.783333,4.800000,1,-0.770004,1.443742,0.297585,-0.295489,-0.364316,0.049720,-0.881753,0.310917,0.046390,0.007477,-0.191767,0.424169,0.768838,0.438400,-0.542062,-0.836800,0.077035,0.511433,-0.255773,0.820376,0.018743,-0.830171,1.359484,0.101449,-0.007638,-0.115576,0.189136,-0.452556,0.151484,0.856875,-0.194964,0.963030,21.676724,0.000000,1,0.021023,-7.793940,29.236655,59.840722,2.336217,57.116921,0.000000
10.816666,4.833333,1,-0.769741,1.442968,0.297572,-0.296037,-0.364481,0.049416,-0.881518,0.311376,0.047067,0.007469,-0.191672,0.424733,0.768765,0.438022,-0.542797,-0.836292,0.077383,0.510653,-0.255477,0.820953,0.024534,-0.830171,1.359484,0.101449,-0.008290,-0.115083,0.189138,-0.452878,0.151972,0.856572,-0.195169,1.058755,21.282664,0.000000,1,0.020513,-7.896672,29.263009,59.752094,2.364590,57.066426,0.000000
10.850000,4.866667,1,-0.769486,1.441988,0.297788,-0.298210,-0.366399,0.048209,-0.880056,0.312006,0.047858,0.007691,-0.192427,0.427536,0.768007,0.436291,-0.545245,-0.834688,0.077490,0.505610,-0.253727,0.824610,0.031056,-0.830171,1.359484,0.101449,-0.009057,-0.114429,0.189375,-0.455347,0.153551,0.854836,-0.195796,1.148685,20.913938,0.000000,1,0.020242,-8.014188,29.251187,59.656852,2.397258,57.024422,0.000000
10.883333,4.900000,1,-0.769173,1.440948,0.298117,-0.300348,-0.368584,0.047163,-0.878472,0.312649,0.048731,0.008026,-0.193436,0.430426,0.767070,0.434649,-0.547326,-0.833332,0.077411,0.500292,-0.251627,0.828488,0.034047,-0.830171,1.359484,0.101449,-0.009908,-0.113764,0.189724,-0.458054,0.155017,0.853024,-0.196229,1.122885,20.658344,0.000000,1,0.019918,-8.144224,29.218061,59.568106,2.433288,56.992519,0.000000
10.916666,4.933333,1,-0.768717,1.439995,0.298392,-0.301920,-0.370580,0.046418,-0.877132,0.313136,0.049667,0.008308,-0.194526,0.432727,0.766213,0.433387,-0.548670,-0.832487,0.076979,0.495780,-0.249847,0.831732,0.032746,-0.830171,1.359484,0.101449,-0.010827,-0.113248,0.190008,-0.460412,0.155986,0.851523,-0.196462,1.008727,20.619387,0.000000,1,0.019817,-8.287693,29.189927,59.496126,2.472762,56.968024,0.000000
10.950000,4.966667,1,-0.768189,1.439161,0.298572,-0.303780,-0.372556,0.045443,-0.875703,0.313485,0.050589,0.008495,-0.195471,0.435275,0.765380,0.431879,-0.550542,-0.831271,0.076752,0.490936,-0.248032,0.835142,0.030116,-0.830171,1.359484,0.101449,-0.011737,-0.112865,0.190188,-0.462839,0.157243,0.849878,-0.196882,0.954097,20.852992,0.000000,1,0.019956,-8.432073,29.175067,59.436176,2.512120,56.945801,0.000000
10.983333,5.000000,1,-0.767759,1.438307,0.298833,-0.306462,-0.374885,0.044004,-0.873845,0.313908,0.051444,0.008762,-0.196369,0.438717,0.764376,0.429763,-0.553486,-0.829302,0.076890,0.484700,-0.245661,0.839474,0.029731,-0.830171,1.359484,0.101449,-0.012578,-0.112415,0.190456,-0.465848,0.159203,0.847701,-0.197594,0.999033,21.144101,0.000000,1,0.019680,-8.563149,29.146997,59.373684,2.547521,56.926156,0.000000
11.016666,5.033333,1,-0.767494,1.437436,0.299171,-0.308652,-0.376964,0.042649,-0.872246,0.314445,0.052177,0.009105,-0.197261,0.441607,0.763561,0.427839,-0.556084,-0.827586,0.076631,0.479138,-0.243875,0.843179,0.029128,-0.830171,1.359484,0.101449,-0.013295,-0.111864,0.190810,-0.468477,0.160757,0.845787,-0.198317,1.114867,21.356218,0.000000,1,0.019499,-8.671072,29.108016,59.303850,2.576140,56.905750,0.000000
11.050000,5.066667,1,-0.767202,1.436701,0.299327,-0.308849,-0.378160,0.041857,-0.871697,0.314856,0.052852,0.009266,-0.198247,0.442316,0.763427,0.426888,-0.556929,-0.827172,0.074945,0.476420,-0.244246,0.844611,0.024184,-0.830171,1.359484,0.101449,-0.013954,-0.111430,0.190977,-0.469686,0.160626,0.845010,-0.198878,1.214164,21.574386,0.000000,1,0.020054,-8.772235,29.099874,59.236950,2.602491,56.877407,0.000000
11.083333,5.100000,1,-0.766730,1.436095,0.299244,-0.308060,-0.379314,0.041601,-0.871487,0.315056,0.053593,0.009189,-0.199634,0.442125,0.763354,0.426571,-0.556367,-0.827776,0.072414,0.474724,-0.245125,0.845311,0.023166,-0.830171,1.359484,0.101449,-0.014682,-0.111187,0.190889,-0.470560,0.159545,0.844689,-0.199048,1.101365,21.529481,0.000000,1,0.021130,-8.889618,29.130934,59.177680,2.633215,56.841331,0.000000
11.116666,5.133333,1,-0.766216,1.435435,0.299104,-0.307633,-0.381535,0.041093,-0.870692,0.315274,0.054403,0.009055,-0.201815,0.442736,0.762873,0.425771,-0.555980,-0.828319,0.069089,0.470917,-0.245409,0.847356,0.025467,-0.830171,1.359484,0.101449,-0.015474,-0.110920,0.190745,-0.472553,0.158519,0.843721,-0.199252,0.937167,21.426470,0.000000,1,0.021991,-9.017549,29.174871,59.108034,2.667010,56.796113,0.000000
11.150000,5.166667,1,-0.765909,1.434660,0.298968,-0.308854,-0.383593,0.040194,-0.869397,0.315707,0.055115,0.008925,-0.203118,0.444748,0.762125,0.424391,-0.557270,-0.827551,0.067891,0.466205,-0.244183,0.850310,0.025326,-0.830171,1.359484,0.101449,-0.016159,-0.110442,0.190621,-0.474872,0.159135,0.842207,-0.199652,0.984699,21.330493,0.000000,1,0.022833,-9.124051,29.227002,59.007590,2.694845,56.732200,0.000000
11.183333,5.200000,1,-0.765763,1.433749,0.298891,-0.310529,-0.384326,0.039425,-0.868511,0.316347,0.055781,0.008852,-0.203032,0.446575,0.761682,0.423307,-0.559179,-0.826189,0.068785,0.463512,-0.242764,0.852187,0.027771,-0.830171,1.359484,0.101449,-0.016789,-0.109766,0.190570,-0.476065,0.160560,0.841163,-0.200071,1.189008,21.327799,0.000000,1,0.023620,-9.217170,29.276799,58.881645,2.718897,56.655689,0.000000
11.216666,5.233333,1,-0.765578,1.432800,0.298835,-0.311805,-0.384933,0.038832,-0.867811,0.316994,0.056500,0.008801,-0.203009,0.447989,0.761327,0.422462,-0.560626,-0.825156,0.069404,0.461372,-0.241663,0.853660,0.029056,-0.830171,1.359484,0.101449,-0.017473,-0.109081,0.190538,-0.477018,0.161633,0.840341,-0.200389,1.283069,21.443644,0.000000,1,0.023920,-9.318473,29.323579,58.754687,2.744977,56.579843,0.000000
11.250000,5.266667,1,-0.765333,1.431920,0.298741,-0.313996,-0.386064,0.038120,-0.866550,0.317549,0.057226,0.008712,-0.203050,0.450456,0.760526,0.421260,-0.562621,-0.823689,0.070669,0.457828,-0.239258,0.856241,0.027554,-0.830171,1.359484,0.101449,-0.018167,-0.108484,0.190463,-0.478732,0.163443,0.838959,-0.200623,1.451367,21.782917,0.000000,1,0.023992,-9.422970,29.374241,58.637596,2.771494,56.508196,0.000000
11.283333,5.300000,1,-0.765190,1.431032,0.298738,-0.317558,-0.386558,0.037385,-0.865062,0.318173,0.057875,0.008714,-0.201909,0.453868,0.759536,0.419931,-0.565781,-0.821186,0.074473,0.454626,-0.235323,0.859034,0.026995,-0.830171,1.359484,0.101449,-0.018784,-0.107829,0.190486,-0.480235,0.166757,0.837405,-0.200798,1.606209,22.046444,0.000000,1,0.023783,-9.512859,29.409328,58.520633,2.793605,56.441288,0.000000
11.316666,5.333333,1,-0.765130,1.430124,0.298950,-0.321888,-0.386471,0.036786,-0.863525,0.318862,0.058467,0.008930,-0.199905,0.457708,0.758441,0.418698,-0.569460,-0.818112,0.080050,0.452119,-0.230391,0.861689,0.028027,-0.830171,1.359484,0.101449,-0.019348,-0.107125,0.190728,-0.481403,0.170973,0.835875,-0.200829,1.717909,22.221374,0.000000,1,0.022787,-9.591368,29.404630,58.415353,2.812180,56.392411,0.000000
11.350000,5.366667,1,-0.765006,1.429303,0.299286,-0.325455,-0.385946,0.036634,-0.862428,0.319443,0.059057,0.009269,-0.197847,0.460669,0.757539,0.418062,-0.572162,-0.815680,0.085423,0.451112,-0.226016,0.863374,0.026852,-0.830171,1.359484,0.101449,-0.019920,-0.106537,0.191086,-0.481927,0.174567,0.834887,-0.200589,2.105004,22.331181,0.000000,1,0.021489,-9.671940,29.370592,58.338633,2.830834,56.367293,0.000000
11.383333,5.400000,1,-0.764760,1.428663,0.299540,-0.326855,-0.385905,0.036562,-0.861920,0.319807,0.059637,0.009528,-0.197187,0.461906,0.757120,0.417767,-0.573176,-0.814763,0.087349,0.450436,-0.224228,0.864193,0.021956,-0.830171,1.359484,0.101449,-0.020490,-0.106161,0.191349,-0.482289,0.175932,0.834418,-0.200479,2.183067,22.527737,0.000000,1,0.020949,-9.756540,29.342486,58.288188,2.850159,56.354101,0.000000
11.416666,5.433333,1,-0.764607,1.428152,0.299613,-0.326589,-0.385784,0.036360,-0.862084,0.320123,0.060066,0.009604,-0.197198,0.461612,0.757356,0.417659,-0.573347,-0.814691,0.086896,0.450576,-0.224950,0.863932,0.016134,-0.830171,1.359484,0.101449,-0.020905,-0.105829,0.191432,-0.482104,0.175713,0.834511,-0.200729,2.193013,22.714498,0.000000,1,0.021609,-9.818166,29.346974,58.232140,2.862977,56.327837,0.000000
11.450000,5.466667,1,-0.764694,1.427654,0.299579,-0.326459,-0.385429,0.035794,-0.862315,0.320573,0.060297,0.009571,-0.196940,0.461335,0.757814,0.417255,-0.574226,-0.814114,0.086502,0.450694,-0.226136,0.863561,0.015205,-0.830171,1.359484,0.101449,-0.021112,-0.105366,0.191422,-0.481747,0.175699,0.834571,-0.201350,2.203293,22.704485,0.000000,1,0.022696,-9.844408,29.377739,58.150462,2.866083,56.279818,0.000000
11.483333,5.500000,1,-0.764795,1.427156,0.299508,-0.326567,-0.385574,0.035147,-0.862236,0.321032,0.060517,0.009501,-0.197023,0.461496,0.758033,0.416641,-0.575184,-0.813506,0.085856,0.449804,-0.226864,0.863834,0.015413,-0.830171,1.359484,0.101449,-0.021306,-0.104893,0.191375,-0.481933,0.175776,0.834305,-0.201939,2.300116,22.740589,0.000000,1,0.023156,-9.868636,29.416681,58.063839,2.868598,56.226747,0.000000
11.516666,5.533333,1,-0.764708,1.426734,0.299498,-0.326220,-0.385883,0.034896,-0.862239,0.321316,0.060839,0.009493,-0.197455,0.461322,0.758147,0.416420,-0.575211,-0.813597,0.084807,0.449234,-0.227552,0.863949,0.012905,-0.830171,1.359484,0.101449,-0.021614,-0.104592,0.191376,-0.482133,0.175359,0.834219,-0.202179,2.420811,22.721669,0.000000,1,0.022191,-9.913865,29.435997,58.007238,2.876617,56.195507,0.000000
11.550000,5.566667,1,-0.764476,1.426374,0.299698,-0.325057,-0.386400,0.034598,-0.862459,0.321464,0.061240,0.009696,-0.198437,0.460510,0.758474,0.416256,-0.574707,-0.814204,0.082361,0.448674,-0.229322,0.863772,0.014171,-0.830171,1.359484,0.101449,-0.022013,-0.104437,0.191575,-0.482298,0.174097,0.834300,-0.202540,2.273377,22.568253,0.000000,1,0.020402,-9.974910,29.407817,57.989782,2.888758,56.199043,0.000000
11.583333,5.600000,1,-0.764287,1.426133,0.300057,-0.323396,-0.386885,0.034032,-0.862889,0.321543,0.061533,0.010058,-0.199613,0.459238,0.759107,0.415947,-0.574286,-0.814836,0.078981,0.448157,-0.232178,0.863278,0.014179,-0.830171,1.359484,0.101449,-0.022315,-0.104366,0.191932,-0.482299,0.172369,0.834490,-0.203230,1.977026,22.373216,0.000000,1,0.018733,-10.020670,29.343426,58.001787,2.896531,56.228437,0.000000
11.616666,5.633333,1,-0.764245,1.426072,0.300437,-0.322484,-0.386275,0.033880,-0.863509,0.321568,0.061600,0.010439,-0.199474,0.458146,0.759726,0.416088,-0.574162,-0.815002,0.078168,0.449450,-0.233945,0.862128,0.011625,-0.830171,1.359484,0.101449,-0.022393,-0.104362,0.192311,-0.481466,0.171663,0.835028,-0.203593,1.809853,22.013303,0.000000,1,0.017604,-10.031526,29.270059,58.031213,2.894609,56.268948,0.000000
11.650000,5.666667,1,-0.764258,1.426126,0.300836,-0.321815,-0.385918,0.033746,-0.863924,0.321533,0.061553,0.010837,-0.199452,0.457386,0.760153,0.416154,-0.574070,-0.815134,0.077458,0.450228,-0.235228,0.861373,0.012086,-0.830171,1.359484,0.101449,-0.022362,-0.104425,0.192708,-0.480941,0.171120,0.835375,-0.203866,1.697029,21.611596,0.000000,1,0.016758,-10.025804,29.189031,58.075284,2.888202,56.318927,0.000000
11.683333,5.700000,1,-0.764302,1.426176,0.301322,-0.320587,-0.386343,0.033331,-0.864206,0.321520,0.061485,0.011322,-0.200381,0.456476,0.760588,0.415913,-0.573727,-0.815615,0.074894,0.449739,-0.237292,0.861062,0.014706,-0.830171,1.359484,0.101449,-0.022311,-0.104472,0.193193,-0.481005,0.169825,0.835482,-0.204361,1.566651,21.230194,0.000000,1,0.016083,-10.015688,29.091515,58.124963,2.880893,56.376427,0.000000
11.716666,5.733333,1,-0.764432,1.426162,0.301833,-0.319255,-0.386228,0.033367,-0.864749,0.321611,0.061385,0.011832,-0.200871,0.455230,0.761053,0.416190,-0.572873,-0.816371,0.073178,0.450602,-0.239103,0.860109,0.015813,-0.830171,1.359484,0.101449,-0.022225,-0.104420,0.193710,-0.480515,0.168570,0.835980,-0.204518,1.506097,20.937681,0.000000,1,0.016141,-9.997737,28.993624,58.161787,2.871888,56.426937,0.000000
11.750000,5.766667,1,-0.764583,1.426097,0.302249,-0.318790,-0.385782,0.033553,-0.865113,0.321754,0.061300,0.012247,-0.200677,0.454614,0.761293,0.416519,-0.572482,-0.816647,0.073163,0.451724,-0.239676,0.859361,0.013424,-0.830171,1.359484,0.101449,-0.022147,-0.104307,0.194137,-0.479955,0.168244,0.836379,-0.204468,1.439467,20.752171,0.000000,1,0.016877,-9.980651,28.917156,58.180892,2.863549,56.461514,0.000000
11.783333,5.800000,1,-0.764646,1.425971,0.302589,-0.318728,-0.385815,0.033548,-0.865120,0.321893,0.061322,0.012587,-0.200735,0.454574,0.761302,0.416519,-0.572436,-0.816690,0.073037,0.451695,-0.239749,0.859356,0.011041,-0.830171,1.359484,0.101449,-0.022174,-0.104190,0.194484,-0.479970,0.168174,0.836383,-0.204475,1.455035,20.675279,0.000000,1,0.017517,-9.980821,28.856501,58.190378,2.860323,56.486324,0.000000
11.816666,5.833333,1,-0.764685,1.425783,0.302912,-0.318012,-0.385791,0.033854,-0.865383,0.322067,0.061402,0.012911,-0.201031,0.453922,0.761398,0.416911,-0.571544,-0.817375,0.072361,0.452364,-0.240280,0.858855,0.011294,-0.830171,1.359484,0.101449,-0.022257,-0.104032,0.194816,-0.479735,0.167484,0.836705,-0.204277,1.489721,20.564440,0.000000,1,0.017883,-9.989236,28.801579,58.190796,2.859666,56.504614,0.000000
11.850000,5.866667,1,-0.764856,1.425538,0.303248,-0.316411,-0.384704,0.035097,-0.866404,0.322366,0.061410,0.013247,-0.200766,0.452004,0.761748,0.418479,-0.569136,-0.819046,0.072442,0.456057,-0.241136,0.856659,0.013485,-0.830171,1.359484,0.101449,-0.022261,-0.103756,0.195170,-0.478217,0.166219,0.838026,-0.203451,1.486006,20.347631,0.000000,1,0.018187,-9.982713,28.749648,58.175066,2.855128,56.513251,0.000000
11.883333,5.900000,1,-0.765175,1.425262,0.303585,-0.314478,-0.382443,0.037096,-0.868024,0.322779,0.061319,0.013582,-0.199593,0.449265,0.762294,0.420988,-0.565862,-0.821175,0.073973,0.462493,-0.241859,0.852997,0.016191,-0.830171,1.359484,0.101449,-0.022162,-0.103370,0.195535,-0.475472,0.164949,0.840159,-0.202117,1.628523,20.089808,0.000000,1,0.018555,-9.957389,28.702561,58.144221,2.845540,56.512197,0.000000
11.916666,5.933333,1,-0.765471,1.424982,0.304100,-0.312202,-0.381495,0.038747,-0.869189,0.323182,0.061246,0.014096,-0.199753,0.446805,0.762590,0.422989,-0.562358,-0.823636,0.073328,0.466633,-0.242890,0.850446,0.019716,-0.830171,1.359484,0.101449,-0.022087,-0.103005,0.196076,-0.473882,0.162985,0.841718,-0.200955,2.061456,19.704217,0.000000,1,0.017364,-9.935003,28.620099,58.130896,2.836657,56.530891,0.000000
11.950000,5.966667,1,-0.765704,1.424677,0.304996,-0.309301,-0.382934,0.039544,-0.869558,0.323567,0.061237,0.014992,-0.202331,0.444852,0.762559,0.423879,-0.558778,-0.826479,0.068548,0.466450,-0.244867,0.849979,0.029234,-0.830171,1.359484,0.101449,-0.022089,-0.102679,0.196994,-0.474394,0.159765,0.842196,-0.200327,2.973410,19.112523,0.000000,1,0.015106,-9.922749,28.461903,58.154163,2.830418,56.591481,0.000000
11.983333,6.000000,1,-0.766049,1.424320,0.306188,-0.305901,-0.383376,0.040964,-0.870500,0.324062,0.061166,0.016182,-0.204237,0.442007,0.762757,0.425580,-0.554338,-0.829777,0.064653,0.468681,-0.247023,0.848126,0.038733,-0.830171,1.359484,0.101449,-0.022035,-0.102265,0.198216,-0.473803,0.156331,0.843414,-0.199308,4.020389,18.366649,0.000000,1,0.013928,-9.897591,28.249966,58.189291,2.820702,56.674108,0.000000
12.016666,6.033333,1,-0.766451,1.423876,0.307547,-0.301996,-0.383058,0.042936,-0.871907,0.324660,0.061101,0.017539,-0.205685,0.438371,0.763123,0.427981,-0.549052,-0.833537,0.061304,0.472872,-0.249326,0.845120,0.044545,-0.830171,1.359484,0.101449,-0.021987,-0.101759,0.199611,-0.472335,0.152614,0.845241,-0.197930,5.217186,17.653963,0.000000,1,0.013595,-9.870447,28.010350,58.222853,2.810651,56.764045,0.000000
12.050000,6.066667,1,-0.766758,1.423365,0.308974,-0.298268,-0.383825,0.044326,-0.872783,0.325256,0.061151,0.018966,-0.208027,0.435377,0.763276,0.429629,-0.544288,-0.836991,0.056537,0.474710,-0.251732,0.843375,0.046417,-0.830171,1.359484,0.101449,-0.022057,-0.101254,0.201072,-0.471957,0.148774,0.846372,-0.196919,6.649753,16.783641,0.000000,1,0.013331,-9.861557,27.758462,58.258835,2.805797,56.859009,0.000000
12.083333,6.100000,1,-0.766940,1.422822,0.310346,-0.294931,-0.384733,0.045168,-0.873474,0.325801,0.061322,0.020339,-0.210324,0.432796,0.763510,0.430702,-0.540519,-0.839746,0.051643,0.475636,-0.254367,0.842062,0.044590,-0.830171,1.359484,0.101449,-0.022248,-0.100789,0.202471,-0.471840,0.145283,0.847172,-0.196366,8.054548,15.931341,0.000000,1,0.013304,-9.873102,27.516511,58.293212,2.806728,56.950238,0.000000
12.116666,6.133333,1,-0.766984,1.422274,0.311552,-0.292509,-0.384801,0.045692,-0.874230,0.326267,0.061607,0.021546,-0.211463,0.430658,0.763945,0.431515,-0.538157,-0.841444,0.048579,0.477172,-0.256658,0.840496,0.039742,-0.830171,1.359484,0.101449,-0.022550,-0.100387,0.203696,-0.471199,0.142918,0.847984,-0.196138,8.908918,15.577705,0.000000,1,0.013608,-9.904872,27.304734,58.320762,2.813386,57.028883,0.000000
12.150000,6.166667,1,-0.766933,1.421668,0.312733,-0.291083,-0.385855,0.045661,-0.874244,0.326722,0.062002,0.022729,-0.213042,0.429851,0.763969,0.431500,-0.536841,-0.842458,0.045448,0.476154,-0.258071,0.840641,0.039855,-0.830171,1.359484,0.101449,-0.022963,-0.099988,0.204894,-0.471788,0.141246,0.847927,-0.196175,9.881348,15.445225,0.000000,1,0.013779,-9.954295,27.098791,58.343631,2.825085,57.103440,0.000000
12.183333,6.200000,1,-0.766882,1.420892,0.314030,-0.290430,-0.388356,0.045639,-0.873354,0.327313,0.062499,0.024030,-0.215574,0.430386,0.763187,0.431093,-0.535372,-0.843570,0.042026,0.472449,-0.257853,0.842795,0.045372,-0.830171,1.359484,0.101449,-0.023475,-0.099457,0.206215,-0.473968,0.139913,0.846999,-0.195884,10.994082,15.476013,0.000000,1,0.014044,-10.015779,26.878559,58.351666,2.840427,57.174666,0.000000
12.216666,6.233333,1,-0.766902,1.419921,0.315438,-0.289185,-0.390359,0.046477,-0.872830,0.328103,0.063055,0.025441,-0.217920,0.430170,0.762345,0.431619,-0.532431,-0.845571,0.039079,0.470600,-0.257317,0.843992,0.051305,-0.830171,1.359484,0.101449,-0.024040,-0.098730,0.207656,-0.475484,0.138133,0.846668,-0.194905,12.023256,15.402192,0.000000,1,0.014622,-10.080875,26.648826,58.334740,2.857084,57.235719,0.000000
12.250000,6.266667,1,-0.766986,1.418807,0.316884,-0.287167,-0.391462,0.047878,-0.872926,0.329045,0.063647,0.026891,-0.219803,0.428859,0.761802,0.432925,-0.528525,-0.848135,0.036436,0.471077,-0.257311,0.843728,0.054832,-0.830171,1.359484,0.101449,-0.024634,-0.097853,0.209146,-0.475912,0.135848,0.847094,-0.193610,13.426947,15.094444,0.000000,1,0.015287,-10.147009,26.421242,58.294500,2.874165,57.283902,0.000000
12.283333,6.300000,1,-0.766993,1.417666,0.318235,-0.285651,-0.393162,0.048806,-0.872608,0.329963,0.064316,0.028246,-0.221998,0.428264,0.761103,0.433623,-0.525375,-0.850211,0.033484,0.469916,-0.257121,0.844433,0.053045,-0.830171,1.359484,0.101449,-0.025303,-0.096990,0.210536,-0.477060,0.133890,0.846986,-0.192618,14.589775,14.895257,0.000000,1,0.015575,-10.225679,26.213484,58.245589,2.894531,57.321641,0.000000
12.316666,6.333333,1,-0.766877,1.416551,0.319484,-0.284996,-0.395162,0.049122,-0.871901,0.330785,0.065070,0.029500,-0.224081,0.428574,0.760332,0.433599,-0.523559,-0.851429,0.030907,0.467288,-0.256633,0.846039,0.050350,-0.830171,1.359484,0.101449,-0.026058,-0.096212,0.211817,-0.478756,0.132689,0.846342,-0.192071,15.766873,14.491366,0.000000,1,0.015561,-10.319733,26.022410,58.199139,2.918811,57.355786,0.000000
12.350000,6.366667,1,-0.766703,1.415426,0.320829,-0.284146,-0.396654,0.049468,-0.871481,0.331582,0.065875,0.030851,-0.225796,0.428481,0.759803,0.433728,-0.521792,-0.852594,0.028568,0.465598,-0.256568,0.846990,0.052876,-0.830171,1.359484,0.101449,-0.026869,-0.095462,0.213191,-0.479914,0.131443,0.845988,-0.191597,16.963293,13.818117,0.000000,1,0.015182,-10.422010,25.812852,58.162122,2.945061,57.400665,0.000000
12.383333,6.400000,1,-0.766480,1.414215,0.322358,-0.281887,-0.397943,0.049848,-0.871605,0.332417,0.066770,0.032385,-0.227956,0.427035,0.759740,0.434134,-0.519128,-0.854348,0.024407,0.464967,-0.258337,0.846798,0.058894,-0.830171,1.359484,0.101449,-0.027773,-0.094681,0.214748,-0.480477,0.128896,0.846131,-0.191286,18.490012,13.206248,0.000000,1,0.014981,-10.536437,25.571716,58.130339,2.974488,57.458128,0.000000
12.416666,6.433333,1,-0.766249,1.412818,0.324056,-0.279778,-0.400273,0.049807,-0.871221,0.333396,0.067780,0.034091,-0.230983,0.426188,0.759412,0.433939,-0.516687,-0.855962,0.019057,0.462194,-0.260121,0.847770,0.066318,-0.830171,1.359484,0.101449,-0.028793,-0.093762,0.216481,-0.482078,0.126208,0.845646,-0.191197,19.646622,12.476289,0.000000,1,0.015459,-10.663930,25.308504,58.084303,3.007567,57.515063,0.000000
12.450000,6.466667,1,-0.766047,1.411512,0.325617,-0.278131,-0.401552,0.050311,-0.871130,0.334320,0.068714,0.035658,-0.232861,0.425287,0.759105,0.434358,-0.514218,-0.857512,0.015921,0.461381,-0.260929,0.847964,0.061356,-0.830171,1.359484,0.101449,-0.029733,-0.092893,0.218076,-0.482802,0.124251,0.845636,-0.190692,20.696512,11.534498,0.000000,1,0.015320,-10.780561,25.069886,58.035577,3.037346,57.562985,0.000000
12.483333,6.500000,1,-0.765875,1.410215,0.327119,-0.276449,-0.402482,0.050856,-0.871205,0.335255,0.069620,0.037166,-0.234441,0.424198,0.758925,0.434887,-0.511822,-0.858992,0.013109,0.461194,-0.261860,0.847779,0.059757,-0.830171,1.359484,0.101449,-0.030643,-0.092010,0.219613,-0.483185,0.122358,0.845803,-0.190205,21.714414,9.039901,0.000000,1,0.015434,-10.892005,24.844707,57.979298,3.065511,57.602809,0.000000
12.516666,6.533333,1,-0.765761,1.408982,0.328484,-0.275504,-0.402970,0.051212,-0.871258,0.336173,0.070442,0.038537,-0.235299,0.423571,0.758812,0.435233,-0.510414,-0.859851,0.011609,0.461188,-0.262321,0.847640,0.055299,-0.830171,1.359484,0.101449,-0.031465,-0.091140,0.221014,-0.483366,0.121303,0.845923,-0.189888,22.940172,7.496340,0.000000,1,0.015532,-10.990656,24.645534,57.915514,3.089938,57.630607,0.000000
12.550000,6.566667,1,-0.765729,1.407607,0.329887,-0.275141,-0.404884,0.050697,-0.870515,0.337254,0.071283,0.039944,-0.237177,0.424100,0.758380,0.434448,-0.510004,-0.860127,0.008758,0.457780,-0.262788,0.849341,0.058930,-0.830171,1.359484,0.101449,-0.032300,-0.090109,0.222463,-0.485086,0.120425,0.845011,-0.190120,24.079533,6.274255,0.000000,1,0.016367,-11.087059,24.451119,57.826045,3.113823,57.643437,0.000000
12.583333,6.600000,1,-0.765775,1.406293,0.331067,-0.274372,-0.405436,0.051063,-0.870479,0.338333,0.072027,0.041129,-0.238013,0.423660,0.758184,0.434763,-0.508661,-0.860935,0.007468,0.457588,-0.262986,0.849383,0.053011,-0.830171,1.359484,0.101449,-0.033030,-0.089070,0.223692,-0.485378,0.119522,0.845052,-0.189762,25.037572,6.155660,0.000000,1,0.016932,-11.168536,24.300140,57.720471,3.133373,57.634315,0.000000
12.616666,6.633333,1,-0.765848,1.404990,0.332107,-0.272372,-0.404918,0.052710,-0.871250,0.339419,0.072745,0.042173,-0.238435,0.421641,0.758131,0.436585,-0.505085,-0.863044,0.006634,0.460909,-0.263226,0.847511,0.050043,-0.830171,1.359484,0.101449,-0.033728,-0.088018,0.224781,-0.484271,0.117707,0.846230,-0.188471,25.947022,6.840512,0.000000,1,0.017515,-11.245433,24.178049,57.602075,3.151381,57.609557,0.000000
12.650000,6.666667,1,-0.765948,1.403497,0.333256,-0.272281,-0.406387,0.053505,-0.870546,0.340674,0.073553,0.043327,-0.239789,0.422219,0.757149,0.436986,-0.503088,-0.864215,0.005895,0.459241,-0.261548,0.848935,0.056619,-0.830171,1.359484,0.101449,-0.034513,-0.086798,0.225989,-0.485612,0.117190,0.845756,-0.187470,27.130406,7.559701,0.000000,1,0.018566,-11.330636,24.048428,57.460372,3.171559,57.574955,0.000000
12.683333,6.700000,1,-0.766118,1.402047,0.334305,-0.271214,-0.406697,0.055029,-0.870639,0.341936,0.074282,0.044380,-0.240537,0.421407,0.756549,0.438396,-0.499901,-0.866065,0.005530,0.460609,-0.260450,0.848531,0.053922,-0.830171,1.359484,0.101449,-0.035214,-0.085570,0.227099,-0.485558,0.116045,0.846257,-0.186055,28.486725,7.795418,0.000000,1,0.018987,-11.403216,23.939586,57.310764,3.187881,57.529694,0.000000
12.716666,6.733333,1,-0.766440,1.400525,0.335337,-0.269314,-0.407075,0.056812,-0.870937,0.343346,0.074932,0.045416,-0.241717,0.419878,0.756016,0.440131,-0.495715,-0.868475,0.004120,0.462509,-0.259973,0.847643,0.056003,-0.830171,1.359484,0.101449,-0.035829,-0.084197,0.228204,-0.485322,0.114072,0.847007,-0.184470,29.918649,7.357906,0.000000,1,0.020241,-11.459360,23.844431,57.136908,3.199608,57.467274,0.000000
12.750000,6.766667,1,-0.767030,1.398989,0.336227,-0.267010,-0.405874,0.059344,-0.872038,0.344930,0.075378,0.046306,-0.241658,0.417283,0.755860,0.442890,-0.490900,-0.871205,0.004302,0.467846,-0.259446,0.844871,0.056142,-0.830171,1.359484,0.101449,-0.036226,-0.082652,0.229182,-0.483457,0.112139,0.848766,-0.182455,30.814057,6.808408,0.000000,1,0.022221,-11.479774,23.787438,56.929197,3.201640,57.374910,0.000000
12.783333,6.800000,1,-0.767913,1.397403,0.336990,-0.265452,-0.403866,0.062327,-0.873237,0.346729,0.075621,0.047068,-0.240543,0.414997,0.755592,0.446092,-0.486282,-0.873776,0.006748,0.474477,-0.257560,0.841745,0.059055,-0.830171,1.359484,0.101449,-0.036405,-0.080895,0.230052,-0.481030,0.111143,0.850789,-0.180042,31.749259,6.504105,0.000000,1,0.024859,-11.463892,23.768657,56.682087,3.193902,57.249682,0.000000
12.816666,6.833333,1,-0.768908,1.395775,0.337754,-0.264716,-0.402675,0.065169,-0.873803,0.348629,0.075800,0.047831,-0.239795,0.413811,0.754825,0.448885,-0.482001,-0.876119,0.009501,0.479199,-0.254524,0.839991,0.061664,-0.830171,1.359484,0.101449,-0.036516,-0.079041,0.230932,-0.479614,0.110712,0.852169,-0.177540,32.706990,6.788396,0.000000,1,0.026224,-11.436016,23.758363,56.418882,3.182528,57.113262,0.000000
12.850000,6.866667,1,-0.769827,1.394177,0.338576,-0.263782,-0.401423,0.067533,-0.874482,0.350460,0.076020,0.048652,-0.239081,0.412421,0.754371,0.451302,-0.478333,-0.878103,0.011541,0.483694,-0.252471,0.838033,0.060556,-0.830171,1.359484,0.101449,-0.036674,-0.077257,0.231863,-0.478097,0.110117,0.853514,-0.175533,34.004611,7.198053,0.000000,1,0.025720,-11.416729,23.735474,56.168497,3.172556,56.987556,0.000000
12.883333,6.900000,1,-0.770565,1.392606,0.339542,-0.262174,-0.399810,0.069794,-0.875526,0.352160,0.076369,0.049618,-0.238345,0.410264,0.754287,0.453790,-0.474533,-0.880145,0.012786,0.489007,-0.251516,0.835232,0.059583,-0.830171,1.359484,0.101449,-0.036970,-0.075606,0.232927,-0.476048,0.108977,0.855167,-0.173756,35.227489,7.339963,0.000000,1,0.024321,-11.420066,23.680170,55.944926,3.167544,56.886065,0.000000
12.916666,6.933333,1,-0.771089,1.391013,0.340671,-0.259832,-0.398251,0.071744,-0.876776,0.353749,0.076900,0.050750,-0.237986,0.407473,0.754524,0.456094,-0.470682,-0.882213,0.012560,0.494322,-0.251887,0.831985,0.060649,-0.830171,1.359484,0.101449,-0.037460,-0.074067,0.234143,-0.473849,0.107121,0.856906,-0.172350,36.451507,6.784930,0.000000,1,0.023168,-11.453186,23.590628,55.744525,3.169451,56.807429,0.000000
12.950000,6.966667,1,-0.771399,1.389416,0.341750,-0.257584,-0.396479,0.073379,-0.878106,0.355213,0.077604,0.051832,-0.237394,0.404671,0.754973,0.458151,-0.467484,-0.883915,0.012349,0.499649,-0.252679,0.828555,0.058579,-0.830171,1.359484,0.101449,-0.038128,-0.072641,0.235297,-0.471483,0.105422,0.858636,-0.171273,37.923613,6.509353,0.000000,1,0.022789,-11.514954,23.506046,55.553604,3.178098,56.732591,0.000000
12.983333,7.000000,1,-0.771465,1.387777,0.342651,-0.256177,-0.395333,0.074610,-0.878930,0.356563,0.078530,0.052739,-0.236990,0.402901,0.755153,0.459620,-0.465171,-0.885134,0.012434,0.503200,-0.252841,0.826354,0.056129,-0.830171,1.359484,0.101449,-0.039016,-0.071305,0.236260,-0.469962,0.104365,0.859772,-0.170399,38.912873,6.515861,0.000000,1,0.023293,-11.611711,23.451667,55.359247,3.195199,56.647262,0.000000
13.016666,7.033333,1,-0.771228,1.386137,0.343429,-0.254691,-0.395308,0.075111,-0.879331,0.357732,0.079700,0.053524,-0.237628,0.401560,0.755283,0.460250,-0.463405,-0.886082,0.010684,0.504395,-0.253839,0.825319,0.054924,-0.830171,1.359484,0.101449,-0.040153,-0.070130,0.237083,-0.469498,0.102932,0.860263,-0.170070,40.049546,6.679837,0.000000,1,0.023358,-11.748435,23.412552,55.175827,3.221788,56.563647,0.000000
13.050000,7.066667,1,-0.770857,1.384470,0.344141,-0.253095,-0.395891,0.074867,-0.879550,0.358841,0.080993,0.054246,-0.238862,0.400391,0.755584,0.460135,-0.462441,-0.886618,0.007507,0.504066,-0.255926,0.824876,0.055502,-0.830171,1.359484,0.101449,-0.041414,-0.069004,0.237835,-0.469599,0.101236,0.860347,-0.170388,41.320565,6.915661,0.000000,1,0.023927,-11.903877,23.384528,54.991862,3.252685,56.476700,0.000000
13.083333,7.100000,1,-0.770520,1.382797,0.344720,-0.251168,-0.395371,0.075113,-0.880315,0.359975,0.082265,0.054833,-0.239254,0.398432,0.756151,0.460700,-0.461026,-0.887371,0.005291,0.506065,-0.258014,0.822998,0.054063,-0.830171,1.359484,0.101449,-0.042648,-0.067845,0.238455,-0.468548,0.099521,0.861111,-0.170432,43.379171,6.907944,0.000000,1,0.025042,-12.054587,23.384470,54.793326,3.282151,56.373707,0.000000
13.116666,7.133333,1,-0.770150,1.381069,0.345242,-0.248910,-0.394265,0.075537,-0.881415,0.361134,0.083596,0.055365,-0.239267,0.395915,0.756936,0.461573,-0.459403,-0.888222,0.003267,0.509304,-0.260403,0.820244,0.055293,-0.830171,1.359484,0.101449,-0.043937,-0.066655,0.239019,-0.466842,0.097650,0.862252,-0.170427,44.741727,6.757931,0.000000,1,0.026146,-12.212154,23.399414,54.582796,3.313026,56.260065,0.000000
13.150000,7.166667,1,-0.769724,1.379334,0.345812,-0.246895,-0.393558,0.075350,-0.882314,0.362264,0.084975,0.055944,-0.239531,0.393793,0.757815,0.461809,-0.458713,-0.888584,0.000673,0.511281,-0.263318,0.818080,0.056253,-0.830171,1.359484,0.101449,-0.045278,-0.065494,0.239629,-0.465600,0.095913,0.863018,-0.170931,46.120004,6.575767,0.000000,1,0.026319,-12.376424,23.405737,54.377286,3.345041,56.151815,0.000000
13.183333,7.200000,1,-0.769268,1.377634,0.346362,-0.244767,-0.392627,0.075101,-0.883342,0.363348,0.086358,0.056504,-0.239647,0.391469,0.758837,0.462047,-0.458164,-0.888866,-0.001952,0.513608,-0.266529,0.815579,0.055334,-0.830171,1.359484,0.101449,-0.046624,-0.064378,0.240214,-0.464116,0.094130,0.863892,-0.171542,47.373818,6.583471,0.000000,1,0.026513,-12.541673,23.413915,54.176568,3.376780,56.045652,0.000000
13.216666,7.233333,1,-0.768748,1.375881,0.346832,-0.242639,-0.391320,0.074910,-0.884524,0.364436,0.087824,0.056984,-0.239424,0.388977,0.759970,0.462405,-0.457716,-0.889089,-0.004180,0.516567,-0.269757,0.812644,0.056631,-0.830171,1.359484,0.101449,-0.048050,-0.063248,0.240718,-0.462274,0.092454,0.864939,-0.172151,48.786291,6.762275,0.000000,1,0.027693,-12.717502,23.439941,53.964869,3.410801,55.928616,0.000000
13.250000,7.266667,1,-0.768218,1.374034,0.347291,-0.240931,-0.390562,0.074826,-0.885333,0.365592,0.089355,0.057454,-0.239506,0.387107,0.760724,0.462692,-0.457105,-0.889391,-0.006172,0.518533,-0.272127,0.810599,0.059256,-0.830171,1.359484,0.101449,-0.049537,-0.062047,0.241215,-0.461069,0.091025,0.865659,-0.172525,50.018206,6.887407,0.000000,1,0.029048,-12.899288,23.476065,53.736670,3.446018,55.800029,0.000000
13.283333,7.300000,1,-0.767724,1.372109,0.347754,-0.239427,-0.390417,0.075035,-0.885787,0.366833,0.090905,0.057928,-0.240045,0.385696,0.761031,0.463086,-0.455860,-0.890014,-0.008144,0.519676,-0.273581,0.809376,0.061229,-0.830171,1.359484,0.101449,-0.051038,-0.060760,0.241720,-0.460494,0.089613,0.866118,-0.172494,51.500812,6.836492,0.000000,1,0.030360,-13.079795,23.520378,53.491843,3.480603,55.660306,0.000000
13.316666,7.333333,1,-0.767238,1.370143,0.348204,-0.237190,-0.389897,0.076095,-0.886528,0.368112,0.092471,0.058389,-0.240572,0.383462,0.761212,0.464368,-0.452974,-0.891466,-0.010118,0.522465,-0.274638,0.807220,0.062220,-0.830171,1.359484,0.101449,-0.052554,-0.059434,0.242214,-0.459330,0.087586,0.867089,-0.171761,53.149160,6.677123,0.000000,1,0.031417,-13.260340,23.572499,53.237179,3.514705,55.513195,0.000000
13.350000,7.366667,1,-0.766681,1.368127,0.348635,-0.234491,-0.389754,0.077692,-0.887170,0.369387,0.094126,0.058832,-0.241642,0.380984,0.761065,0.466091,-0.448737,-0.893574,-0.012663,0.525327,-0.275220,0.805162,0.064074,-0.830171,1.359484,0.101449,-0.054158,-0.058105,0.242688,-0.458375,0.084998,0.868103,-0.170485,54.755628,6.610468,0.000000,1,0.032481,-13.451942,23.631242,52.976299,3.550872,55.361124,0.000000
13.383333,7.400000,1,-0.766015,1.366103,0.348935,-0.233382,-0.390666,0.077854,-0.887047,0.370604,0.095874,0.059144,-0.242953,0.380400,0.760881,0.466187,-0.447287,-0.894264,-0.015041,0.524587,-0.275932,0.805400,0.064562,-0.830171,1.359484,0.101449,-0.055853,-0.056822,0.243025,-0.458914,0.083670,0.867984,-0.170295,56.098504,6.626183,0.000000,1,0.033731,-13.657011,23.712992,52.710314,3.589565,55.199994,0.000000
13.416666,7.433333,1,-0.765357,1.364129,0.349206,-0.233038,-0.390962,0.077435,-0.887043,0.371784,0.097585,0.059427,-0.243373,0.380223,0.761064,0.465812,-0.447577,-0.894098,-0.016219,0.523955,-0.276899,0.805480,0.062937,-0.830171,1.359484,0.101449,-0.057512,-0.055575,0.243330,-0.459107,0.083264,0.867843,-0.170694,57.413183,6.793200,0.000000,1,0.034112,-13.856801,23.798351,52.448029,3.626261,55.039912,0.000000
13.450000,7.466667,1,-0.764766,1.362098,0.349590,-0.232401,-0.390579,0.077404,-0.887382,0.373051,0.099276,0.059823,-0.243313,0.379480,0.761378,0.465936,-0.447405,-0.894172,-0.016880,0.524842,-0.277797,0.804593,0.064494,-0.830171,1.359484,0.101449,-0.059151,-0.054250,0.243756,-0.458562,0.082759,0.868149,-0.170847,58.925083,6.818235,0.000000,1,0.034849,-14.049656,23.871404,52.178227,3.660835,54.879451,0.000000
13.483333,7.500000,1,-0.764288,1.359960,0.350048,-0.231200,-0.390499,0.077779,-0.887698,0.374472,0.100941,0.060293,-0.243775,0.378370,0.761490,0.466415,-0.446062,-0.894815,-0.018309,0.525866,-0.278586,0.803651,0.067148,-0.830171,1.359484,0.101449,-0.060758,-0.052778,0.244265,-0.458131,0.081619,0.868531,-0.170610,60.642296,6.763869,0.000000,1,0.036458,-14.232375,23.945271,51.886581,3.692706,54.707117,0.000000
13.516666,7.533333,1,-0.763833,1.357761,0.350462,-0.229871,-0.390309,0.078086,-0.888100,0.375955,0.102624,0.060718,-0.244196,0.377095,0.761707,0.466872,-0.444797,-0.895410,-0.019901,0.527069,-0.279659,0.802489,0.068502,-0.830171,1.359484,0.101449,-0.062379,-0.051240,0.244733,-0.457561,0.080388,0.868975,-0.170467,62.308293,6.693408,0.000000,1,0.038128,-14.414069,24.035277,51.578040,3.723782,54.521281,0.000000
13.550000,7.566667,1,-0.763290,1.355578,0.350763,-0.228738,-0.390030,0.078049,-0.888518,0.377372,0.104369,0.061032,-0.244452,0.375956,0.762093,0.467027,-0.444258,-0.895643,-0.021427,0.528031,-0.281086,0.801358,0.068095,-0.830171,1.359484,0.101449,-0.064062,-0.049757,0.245084,-0.456973,0.079377,0.869340,-0.170657,63.735256,6.634673,0.000000,1,0.039180,-14.605141,24.143695,51.268105,3.756140,54.329753,0.000000
13.583333,7.600000,1,-0.762642,1.353424,0.350948,-0.227647,-0.390259,0.077923,-0.888708,0.378703,0.106180,0.061229,-0.245143,0.375080,0.762317,0.467003,-0.443625,-0.895906,-0.023426,0.528113,-0.282445,0.800826,0.067691,-0.830171,1.359484,0.101449,-0.065810,-0.048349,0.245312,-0.456879,0.078265,0.869452,-0.170851,64.954706,6.677803,0.000000,1,0.040163,-14.806700,24.269276,50.959803,3.789985,54.134584,0.000000
13.616666,7.633333,1,-0.761973,1.351305,0.351023,-0.227144,-0.390537,0.077493,-0.888753,0.379993,0.107990,0.061317,-0.245617,0.374753,0.762548,0.466640,-0.443838,-0.895763,-0.024840,0.527580,-0.283614,0.800764,0.066721,-0.830171,1.359484,0.101449,-0.067556,-0.046976,0.245427,-0.457009,0.077711,0.869349,-0.171279,66.195274,6.748464,0.000000,1,0.041256,-15.008113,24.412894,50.649071,3.822989,53.933276,0.000000
13.650000,7.666667,1,-0.761352,1.349238,0.350983,-0.226600,-0.389910,0.076802,-0.889227,0.381270,0.109730,0.061290,-0.245300,0.373983,0.763277,0.466233,-0.444910,-0.895206,-0.025738,0.528253,-0.285527,0.799639,0.064747,-0.830171,1.359484,0.101449,-0.069228,-0.045611,0.245429,-0.456279,0.077378,0.869599,-0.172106,67.994526,6.773775,0.000000,1,0.042356,-15.199305,24.576134,50.334026,3.852938,53.724297,0.000000
13.683333,7.700000,1,-0.760801,1.347201,0.350870,-0.226126,-0.388920,0.076224,-0.889831,0.382565,0.111396,0.061189,-0.244626,0.373113,0.764071,0.465982,-0.446037,-0.894634,-0.026095,0.529541,-0.287293,0.798153,0.063391,-0.830171,1.359484,0.101449,-0.070823,-0.044228,0.245360,-0.455222,0.077212,0.870015,-0.172872,69.380755,6.750020,0.000000,1,0.043533,-15.378957,24.753924,50.012558,3.879616,53.507978,0.000000
13.716666,7.733333,1,-0.760286,1.345164,0.350665,-0.225480,-0.388569,0.076175,-0.890152,0.383881,0.113036,0.060995,-0.244599,0.372377,0.764377,0.466083,-0.445875,-0.894693,-0.026815,0.530360,-0.288203,0.797281,0.063348,-0.830171,1.359484,0.101449,-0.072388,-0.042819,0.245202,-0.454706,0.076690,0.870299,-0.173035,70.979721,6.663705,0.000000,1,0.045136,-15.553174,24.950928,49.680529,3.904439,53.280940,0.000000
13.750000,7.766667,1,-0.759831,1.343137,0.350354,-0.224528,-0.388552,0.076008,-0.890414,0.385226,0.114621,0.060695,-0.245009,0.371517,0.764683,0.466053,-0.445531,-0.894816,-0.028415,0.530715,-0.289540,0.796560,0.063006,-0.830171,1.359484,0.101449,-0.073893,-0.041377,0.244942,-0.454421,0.075782,0.870476,-0.173293,72.473745,6.642368,0.000000,1,0.046841,-15.718169,25.169541,49.337114,3.926570,53.042099,0.000000
13.783333,7.800000,1,-0.759519,1.341100,0.349988,-0.223995,-0.387535,0.075722,-0.891016,0.386664,0.116100,0.060339,-0.244336,0.370584,0.765345,0.466064,-0.446169,-0.894492,-0.028572,0.532305,-0.290905,0.795001,0.062802,-0.830171,1.359484,0.101449,-0.075285,-0.039844,0.244635,-0.453314,0.075562,0.870975,-0.173780,73.991687,6.667426,0.000000,1,0.048703,-15.864749,25.405181,48.977004,3.944109,52.789826,0.000000
13.816666,7.833333,1,-0.759340,1.339044,0.349581,-0.223392,-0.386012,0.075778,-0.891823,0.388198,0.117483,0.059941,-0.243240,0.369361,0.766037,0.466470,-0.446480,-0.894353,-0.028071,0.534979,-0.291957,0.792817,0.063099,-0.830171,1.359484,0.101449,-0.076576,-0.038219,0.244295,-0.451698,0.075409,0.871780,-0.174017,75.561449,6.652071,0.000000,1,0.050653,-15.994553,25.655783,48.600445,3.957406,52.524904,0.000000
13.850000,7.866667,1,-0.759195,1.336954,0.349055,-0.223066,-0.384861,0.076192,-0.892367,0.389779,0.118861,0.059425,-0.242353,0.368556,0.766334,0.467080,-0.446202,-0.894520,-0.027156,0.537238,-0.292005,0.791270,0.064792,-0.830171,1.359484,0.101449,-0.077855,-0.036539,0.243839,-0.450503,0.075412,0.872438,-0.173817,77.080145,6.670163,0.000000,1,0.053144,-16.121143,25.933161,48.205589,3.969336,52.243387,0.000000
13.883333,7.900000,1,-0.759073,1.334850,0.348420,-0.223637,-0.383901,0.076404,-0.892619,0.391385,0.120230,0.058798,-0.241238,0.368638,0.766465,0.467377,-0.446725,-0.894316,-0.025215,0.538598,-0.291329,0.790594,0.066050,-0.830171,1.359484,0.101449,-0.079120,-0.034827,0.243277,-0.449754,0.076227,0.872776,-0.173702,78.532790,6.637342,0.000000,1,0.055463,-16.244899,26.233671,47.796795,3.979875,51.948738,0.000000
13.916666,7.933333,1,-0.758974,1.332775,0.347767,-0.224285,-0.382705,0.076719,-0.892943,0.392982,0.121563,0.058153,-0.239876,0.368684,0.766613,0.467799,-0.447248,-0.894118,-0.022844,0.540364,-0.290473,0.789704,0.065339,-0.830171,1.359484,0.101449,-0.080350,-0.033126,0.242697,-0.448800,0.077182,0.873221,-0.173512,80.171045,6.593767,0.000000,1,0.056709,-16.363579,26.537156,47.388145,3.988376,51.654005,0.000000
13.950000,7.966667,1,-0.758859,1.330673,0.347079,-0.224934,-0.380994,0.076979,-0.893489,0.394590,0.122926,0.057474,-0.238053,0.368500,0.766984,0.468267,-0.448114,-0.893752,-0.020052,0.542861,-0.289867,0.788212,0.066426,-0.830171,1.359484,0.101449,-0.081606,-0.031409,0.242081,-0.447360,0.078284,0.873873,-0.173455,81.582811,6.603251,0.000000,1,0.058600,-16.484794,26.850027,46.971473,3.996570,51.353222,0.000000
